sell_order,case_id,type,size2,size1,size0,eva_price,tumbon,aumper,province,deed_number,pay_down,sell_table,status,max_price,announce_date,img,link,page,lat,lon,lastSta_date,lastSta_detail,bid_dates,bid_time,discount_factor,current_price,img0,img1,timestamp
1 - 1,ผบ.16/2559,ที่ดินพร้อมสิ่งปลูกสร้าง,0,1,54.3,515682.5,ชอนน้อย,พัฒนานิคม,ลพบุรี,3458,50000,"{'1': {'date': '21/05/2567', 'sta': 'งดการบังคับคดี'}, '2': {'date': '11/06/2567', 'sta': 'งดขาย'}, '3': {'date': '02/07/2567', 'sta': 'งดขาย'}, '4': {'date': '23/07/2567', 'sta': 'งดขาย'}, '5': {'date': '13/08/2567', 'sta': 'งดขาย'}, '6': {'date': '03/09/2567', 'sta': 'งดขาย'}}",ปลอดภาระผูกพัน,515682,21-03-2567,"['https://asset.led.go.th/PPKPicture/2567/02-2567/21/3458p.jpg', 'https://asset.led.go.th/PPKPicture/2567/02-2567/21/3458j.jpg']",https://asset.led.go.th/newbid-old/asset_open.asp?law_suit_no=%BC%BA.16&law_suit_year=2559&deed_no=3458&addrno=%E4%C1%E8%BB%C3%D2%A1%AF%E0%C5%A2%B7%D0%E0%BA%D5%C2%B9,1/1,14.79743668,100.96176055,20240611,งดขาย,"['20240521', '20240611', '20240702', '20240723', '20240813', '20240903']",2,0,515682,https://asset.led.go.th/PPKPicture/2567/02-2567/21/3458p.jpg,https://asset.led.go.th/PPKPicture/2567/02-2567/21/3458j.jpg,2024-06-03
1 - 1,มย.10/2565,ที่ดินพร้อมสิ่งปลูกสร้าง,0,0,71.0,1183000.0,ท่าศาลา,เมืองลพบุรี,ลพบุรี,1083/931,150000,"{'1': {'date': '23/04/2567', 'sta': 'งดขายไม่มีผู้สู้ราคา'}, '2': {'date': '14/05/2567', 'sta': 'ขายได้'}, '3': {'date': '04/06/2567', 'sta': 'ขายได้'}, '4': {'date': '25/06/2567', 'sta': 'ขายได้'}, '5': {'date': '16/07/2567', 'sta': 'ขายได้'}, '6': {'date': '06/08/2567', 'sta': 'ขายได้'}}",ปลอดการจำนอง,1183000,23-02-2567,"['https://asset.led.go.th/PPKPicture/2567/01-2567/25/1083-931p.jpg', 'https://asset.led.go.th/PPKPicture/2567/01-2567/25/1083-931j.jpg']",https://asset.led.go.th/newbid-old/asset_open.asp?law_suit_no=%C1%C2.10&law_suit_year=2565&deed_no=1083/931&addrno=96/19,2/1,,,20240604,ขายได้,"['20240423', '20240514', '20240604', '20240625', '20240716', '20240806']",3,1,1064700,https://asset.led.go.th/PPKPicture/2567/01-2567/25/1083-931p.jpg,https://asset.led.go.th/PPKPicture/2567/01-2567/25/1083-931j.jpg,2024-06-03
1 - 1,ผบ.8066/2562,ที่ดินว่างเปล่า,0,0,67.0,13400.0,พรหมมาสตร์,เมืองลพบุรี,ลพบุรี,63221,3000,"{'1': {'date': '04/06/2567', 'sta': '-'}, '2': {'date': '25/06/2567', 'sta': '-'}, '3': {'date': '16/07/2567', 'sta': '-'}, '4': {'date': '06/08/2567', 'sta': '-'}, '5': {'date': '27/08/2567', 'sta': '-'}, '6': {'date': '17/09/2567', 'sta': '-'}}",การจำนองติดไป,13400,04-04-2567,"['https://asset.led.go.th/PPKPicture/2567/03-2567/07/63221p.jpg', 'https://asset.led.go.th/PPKPicture/2567/03-2567/07/63221j.jpg']",https://asset.led.go.th/newbid-old/asset_open.asp?law_suit_no=%BC%BA.8066&law_suit_year=2562&deed_no=63221&addrno=-,3/1,14.81322293,100.61051913,20240604,-,"['20240604', '20240625', '20240716', '20240806', '20240827', '20240917']",1,0,13400,https://asset.led.go.th/PPKPicture/2567/03-2567/07/63221p.jpg,https://asset.led.go.th/PPKPicture/2567/03-2567/07/63221j.jpg,2024-06-03
1 - 1,775/2550,ที่ดินว่างเปล่า,3,2,16.0,885000.0,ดงพลับ,บ้านหมี่,ลพบุรี,274,25000,"{'1': {'date': '19/03/2567', 'sta': 'งดขายไม่มีผู้สู้ราคา'}, '2': {'date': '09/04/2567', 'sta': 'งดขายไม่มีผู้สู้ราคา'}, '3': {'date': '30/04/2567', 'sta': 'งดขายไม่มีผู้สู้ราคา'}, '4': {'date': '21/05/2567', 'sta': 'งดขายไม่มีผู้สู้ราคา'}, '5': {'date': '11/06/2567', 'sta': '-'}, '6': {'date': '02/07/2567', 'sta': '-'}}",ปลอดภาระผูกพัน,885000,19-01-2567,"['https://asset.led.go.th/PPKPicture/2566/12-2566/20/274p.jpg', 'https://asset.led.go.th/PPKPicture/2566/12-2566/20/274j.jpg']",https://asset.led.go.th/newbid-old/asset_open.asp?law_suit_no=775&law_suit_year=2550&deed_no=274&addrno=-,4/1,14.93347020,100.50669426,20240611,-,"['20240319', '20240409', '20240430', '20240521', '20240611', '20240702']",5,3,619500,https://asset.led.go.th/PPKPicture/2566/12-2566/20/274p.jpg,https://asset.led.go.th/PPKPicture/2566/12-2566/20/274j.jpg,2024-06-03
1 - 1,พ.393/2565,ที่ดินว่างเปล่า,10,0,0.0,800000.0,ชอนสมบูรณ์,หนองม่วง,ลพบุรี,5983,50000,"{'1': {'date': '05/03/2567', 'sta': 'โจทก์แถลงงดขาย'}, '2': {'date': '26/03/2567', 'sta': 'โจทก์แถลงงดขาย'}, '3': {'date': '12/04/2567', 'sta': 'โจทก์แถลงงดขาย'}, '4': {'date': '07/05/2567', 'sta': 'โจทก์แถลงงดขาย'}, '5': {'date': '28/05/2567', 'sta': 'งดขายไม่มีผู้สู้ราคา'}, '6': {'date': '18/06/2567', 'sta': '-'}}",ปลอดภาระผูกพัน,800000,05-01-2567,"['https://asset.led.go.th/PPKPicture/2566/12-2566/06/5983p.jpg', 'https://asset.led.go.th/PPKPicture/2566/12-2566/06/5983j.jpg']",https://asset.led.go.th/newbid-old/asset_open.asp?law_suit_no=%BE.393&law_suit_year=2565&deed_no=5983&addrno=-,5/1,15.28524455,100.77699734,20240618,-,"['20240305', '20240326', '20240412', '20240507', '20240528', '20240618']",6,1,720000,https://asset.led.go.th/PPKPicture/2566/12-2566/06/5983p.jpg,https://asset.led.go.th/PPKPicture/2566/12-2566/06/5983j.jpg,2024-06-03
1 - 1,ผบ.391/2556,ที่ดินว่างเปล่า,0,1,94.0,112750.0,ชอนสารเดช,หนองม่วง,ลพบุรี,6533,25000,"{'1': {'date': '09/04/2567', 'sta': 'งดขายไม่มีผู้สู้ราคา'}, '2': {'date': '30/04/2567', 'sta': 'งดขายไม่มีผู้สู้ราคา'}, '3': {'date': '21/05/2567', 'sta': 'งดขายไม่มีผู้สู้ราคา'}, '4': {'date': '11/06/2567', 'sta': '-'}, '5': {'date': '02/07/2567', 'sta': '-'}, '6': {'date': '23/07/2567', 'sta': '-'}}",ปลอดการจำนอง,387860,09-02-2567,"['https://asset.led.go.th/PPKPicture/2567/01-2567/10/6533p.jpg', 'https://asset.led.go.th/PPKPicture/2567/01-2567/10/6533j.jpg']",https://asset.led.go.th/newbid-old/asset_open.asp?law_suit_no=%BC%BA.391&law_suit_year=2556&deed_no=6533&addrno=-,6/1,15.28437922,100.77530606,20240611,-,"['20240409', '20240430', '20240521', '20240611', '20240702', '20240723']",4,3,271502,https://asset.led.go.th/PPKPicture/2567/01-2567/10/6533p.jpg,https://asset.led.go.th/PPKPicture/2567/01-2567/10/6533j.jpg,2024-06-03
1 - 1,ผบ.744/2562,ที่ดินพร้อมสิ่งปลูกสร้าง,2,3,38.0,1012455.0,บางลี่,ท่าวุ้ง,ลพบุรี,17802,150000,"{'1': {'date': '30/07/2567', 'sta': '-'}, '2': {'date': '20/08/2567', 'sta': '-'}, '3': {'date': '10/09/2567', 'sta': '-'}, '4': {'date': '01/10/2567', 'sta': '-'}, '5': {'date': '22/10/2567', 'sta': '-'}, '6': {'date': '12/11/2567', 'sta': '-'}}",ปลอดการจำนอง,1012455,30-05-2567,"['https://asset.led.go.th/PPKPicture/2567/05-2567/01/17802p.jpg', 'https://asset.led.go.th/PPKPicture/2567/05-2567/01/17802j.jpg']",https://asset.led.go.th/newbid-old/asset_open.asp?law_suit_no=%BC%BA.744&law_suit_year=2562&deed_no=17802&addrno=3,7/1,14.85327699,100.52470427,20240730,-,"['20240730', '20240820', '20240910', '20241001', '20241022', '20241112']",1,0,1012455,https://asset.led.go.th/PPKPicture/2567/05-2567/01/17802p.jpg,https://asset.led.go.th/PPKPicture/2567/05-2567/01/17802j.jpg,2024-06-03
1 - 1,1017/2538,ที่ดินว่างเปล่า,1,2,23.0,2803500.0,ทะเลชุบศร,เมืองลพบุรี,ลพบุรี,15727,50000,"{'1': {'date': '16/07/2567', 'sta': '-'}, '2': {'date': '06/08/2567', 'sta': '-'}, '3': {'date': '27/08/2567', 'sta': '-'}, '4': {'date': '17/09/2567', 'sta': '-'}, '5': {'date': '08/10/2567', 'sta': '-'}, '6': {'date': '29/10/2567', 'sta': '-'}}",ปลอดการจำนอง,2803500,16-05-2567,"['https://asset.led.go.th/PPKPicture/2567/04-2567/19/15727p.jpg', 'https://asset.led.go.th/PPKPicture/2567/04-2567/19/15727j.jpg']",https://asset.led.go.th/newbid-old/asset_open.asp?law_suit_no=1017&law_suit_year=2538&deed_no=15727&addrno=-,8/1,14.80672051,100.63214609,20240716,-,"['20240716', '20240806', '20240827', '20240917', '20241008', '20241029']",1,0,2803500,https://asset.led.go.th/PPKPicture/2567/04-2567/19/15727p.jpg,https://asset.led.go.th/PPKPicture/2567/04-2567/19/15727j.jpg,2024-06-03
1 - 1,ผบ.3448/2557,ที่ดินพร้อมสิ่งปลูกสร้าง,0,0,29.2,366340.0,พัฒนานิคม,พัฒนานิคม,ลพบุรี,8946,5000,"{'1': {'date': '07/05/2567', 'sta': 'งดขายส่งประกาศมิชอบ'}, '2': {'date': '28/05/2567', 'sta': 'งดขายไม่มีผู้สู้ราคา'}, '3': {'date': '18/06/2567', 'sta': '-'}, '4': {'date': '09/07/2567', 'sta': '-'}, '5': {'date': '30/07/2567', 'sta': '-'}, '6': {'date': '20/08/2567', 'sta': '-'}}",การจำนองติดไป,366340,07-03-2567,"['https://asset.led.go.th/PPKPicture/2567/02-2567/06/8946p.jpg', 'https://asset.led.go.th/PPKPicture/2567/02-2567/06/8946j.jpg']",https://asset.led.go.th/newbid-old/asset_open.asp?law_suit_no=%BC%BA.3448&law_suit_year=2557&deed_no=8946&addrno=371/53%20%CB%C1%D9%E8%209,9/1,14.84967546,100.99450793,20240618,-,"['20240507', '20240528', '20240618', '20240709', '20240730', '20240820']",3,1,329706,https://asset.led.go.th/PPKPicture/2567/02-2567/06/8946p.jpg,https://asset.led.go.th/PPKPicture/2567/02-2567/06/8946j.jpg,2024-06-03
1 - 1,ผบE.3461/2565,ที่ดินว่างเปล่า,0,1,20.0,24000.0,วังขอนขว้าง,โคกสำโรง,ลพบุรี,54067,5000,"{'1': {'date': '18/06/2567', 'sta': '-'}, '2': {'date': '09/07/2567', 'sta': '-'}, '3': {'date': '30/07/2567', 'sta': '-'}, '4': {'date': '20/08/2567', 'sta': '-'}, '5': {'date': '10/09/2567', 'sta': '-'}, '6': {'date': '01/10/2567', 'sta': '-'}}",การจำนองติดไป,24000,18-04-2567,"['https://asset.led.go.th/PPKPicture/2567/03-2567/22/54067p.jpg', 'https://asset.led.go.th/PPKPicture/2567/03-2567/22/54067j.jpg']",https://asset.led.go.th/newbid-old/asset_open.asp?law_suit_no=%BC%BAE.3461&law_suit_year=2565&deed_no=54067&addrno=-,10/1,15.00604457,100.68892868,20240618,-,"['20240618', '20240709', '20240730', '20240820', '20240910', '20241001']",1,0,24000,https://asset.led.go.th/PPKPicture/2567/03-2567/22/54067p.jpg,https://asset.led.go.th/PPKPicture/2567/03-2567/22/54067j.jpg,2024-06-03
1 - 1,พ.121/2564,ที่ดินพร้อมสิ่งปลูกสร้าง,45,3,60.0,154102312.5,ดีลัง,พัฒนานิคม,ลพบุรี,21,10250000,"{'1': {'date': '02/07/2567', 'sta': '-'}, '2': {'date': '23/07/2567', 'sta': '-'}, '3': {'date': '13/08/2567', 'sta': '-'}, '4': {'date': '03/09/2567', 'sta': '-'}, '5': {'date': '24/09/2567', 'sta': '-'}, '6': {'date': '15/10/2567', 'sta': '-'}}",ปลอดการจำนอง,204914830,02-05-2567,"['https://asset.led.go.th/PPKPicture/2567/04-2567/05/21p.jpg', 'https://asset.led.go.th/PPKPicture/2567/04-2567/05/21j.jpg']","https://asset.led.go.th/newbid-old/asset_open.asp?law_suit_no=%BE.121&law_suit_year=2564&deed_no=21&addrno=%E4%C1%E8%BB%C3%D2%A1%AF%E0%C5%A2%B7%D0%E0%BA%D5%C2%B9,%20297",11/1,,,20240702,-,"['20240702', '20240723', '20240813', '20240903', '20240924', '20241015']",1,0,204914830,https://asset.led.go.th/PPKPicture/2567/04-2567/05/21p.jpg,https://asset.led.go.th/PPKPicture/2567/04-2567/05/21j.jpg,2024-06-03
1 - 1,ผบE.1143/2565,ที่ดินพร้อมสิ่งปลูกสร้าง,2,1,91.0,783660.0,วังเพลิง,โคกสำโรง,ลพบุรี,52712,50000,"{'1': {'date': '20/02/2567', 'sta': 'งดขายไม่มีผู้สู้ราคา'}, '2': {'date': '12/03/2567', 'sta': 'งดขายไม่มีผู้สู้ราคา'}, '3': {'date': '02/04/2567', 'sta': 'งดขายไม่มีผู้สู้ราคา'}, '4': {'date': '23/04/2567', 'sta': 'ขายได้'}, '5': {'date': '14/05/2567', 'sta': 'ขายได้'}, '6': {'date': '04/06/2567', 'sta': 'ขายได้'}}",ปลอดการจำนอง,783660,20-12-2566,"['https://asset.led.go.th/PPKPicture/2566/11-2566/22/52712p.jpg', 'https://asset.led.go.th/PPKPicture/2566/11-2566/22/52712j.jpg']",https://asset.led.go.th/newbid-old/asset_open.asp?law_suit_no=%BC%BAE.1143&law_suit_year=2565&deed_no=52712&addrno=%E4%C1%E8%BB%C3%D2%A1%AF%E0%C5%A2%B7%D0%E0%BA%D5%C2%B9,12/1,15.05045310,100.89127358,20240604,ขายได้,"['20240220', '20240312', '20240402', '20240423', '20240514', '20240604']",6,3,548562,https://asset.led.go.th/PPKPicture/2566/11-2566/22/52712p.jpg,https://asset.led.go.th/PPKPicture/2566/11-2566/22/52712j.jpg,2024-06-03
1 - 1,พ.121/2564,ที่ดินพร้อมสิ่งปลูกสร้าง,36,3,0.0,154102312.5,ดีลัง,พัฒนานิคม,ลพบุรี,29,10250000,"{'1': {'date': '02/07/2567', 'sta': '-'}, '2': {'date': '23/07/2567', 'sta': '-'}, '3': {'date': '13/08/2567', 'sta': '-'}, '4': {'date': '03/09/2567', 'sta': '-'}, '5': {'date': '24/09/2567', 'sta': '-'}, '6': {'date': '15/10/2567', 'sta': '-'}}",ปลอดการจำนอง,204914830,02-05-2567,"['https://asset.led.go.th/PPKPicture/2567/04-2567/05/21p.jpg', 'https://asset.led.go.th/PPKPicture/2567/04-2567/05/21j.jpg']","https://asset.led.go.th/newbid-old/asset_open.asp?law_suit_no=%BE.121&law_suit_year=2564&deed_no=29&addrno=%E4%C1%E8%BB%C3%D2%A1%AF%E0%C5%A2%B7%D0%E0%BA%D5%C2%B9,%20297",13/1,,,20240702,-,"['20240702', '20240723', '20240813', '20240903', '20240924', '20241015']",1,0,204914830,https://asset.led.go.th/PPKPicture/2567/04-2567/05/21p.jpg,https://asset.led.go.th/PPKPicture/2567/04-2567/05/21j.jpg,2024-06-03
1 - 1,ผบ.391/2556,ที่ดินว่างเปล่า,1,3,8.0,112750.0,ชอนสารเดช,หนองม่วง,ลพบุรี,6535,25000,"{'1': {'date': '09/04/2567', 'sta': 'งดขายไม่มีผู้สู้ราคา'}, '2': {'date': '30/04/2567', 'sta': 'งดขายไม่มีผู้สู้ราคา'}, '3': {'date': '21/05/2567', 'sta': 'งดขายไม่มีผู้สู้ราคา'}, '4': {'date': '11/06/2567', 'sta': '-'}, '5': {'date': '02/07/2567', 'sta': '-'}, '6': {'date': '23/07/2567', 'sta': '-'}}",ปลอดการจำนอง,387860,09-02-2567,"['https://asset.led.go.th/PPKPicture/2567/01-2567/10/6535p.jpg', 'https://asset.led.go.th/PPKPicture/2567/01-2567/10/6535j.jpg']",https://asset.led.go.th/newbid-old/asset_open.asp?law_suit_no=%BC%BA.391&law_suit_year=2556&deed_no=6535&addrno=-,14/1,15.28480747,100.77547975,20240611,-,"['20240409', '20240430', '20240521', '20240611', '20240702', '20240723']",4,3,271502,https://asset.led.go.th/PPKPicture/2567/01-2567/10/6535p.jpg,https://asset.led.go.th/PPKPicture/2567/01-2567/10/6535j.jpg,2024-06-03
1 - 1,พ.121/2564,ที่ดินพร้อมสิ่งปลูกสร้าง,64,1,93.0,154102312.5,ดีลัง,พัฒนานิคม,ลพบุรี,22,10250000,"{'1': {'date': '02/07/2567', 'sta': '-'}, '2': {'date': '23/07/2567', 'sta': '-'}, '3': {'date': '13/08/2567', 'sta': '-'}, '4': {'date': '03/09/2567', 'sta': '-'}, '5': {'date': '24/09/2567', 'sta': '-'}, '6': {'date': '15/10/2567', 'sta': '-'}}",ปลอดการจำนอง,204914830,02-05-2567,"['https://asset.led.go.th/PPKPicture/2567/04-2567/05/21p.jpg', 'https://asset.led.go.th/PPKPicture/2567/04-2567/05/21j.jpg']","https://asset.led.go.th/newbid-old/asset_open.asp?law_suit_no=%BE.121&law_suit_year=2564&deed_no=22&addrno=%E4%C1%E8%BB%C3%D2%A1%AF%E0%C5%A2%B7%D0%E0%BA%D5%C2%B9,%20297",15/1,,,20240702,-,"['20240702', '20240723', '20240813', '20240903', '20240924', '20241015']",1,0,204914830,https://asset.led.go.th/PPKPicture/2567/04-2567/05/21p.jpg,https://asset.led.go.th/PPKPicture/2567/04-2567/05/21j.jpg,2024-06-03
1 - 2,ผบ.391/2556,ที่ดินพร้อมสิ่งปลูกสร้าง,16,2,17.0,26571327.5,ชอนสารเดช,โคกสำโรง,ลพบุรี,4237,2500000,"{'1': {'date': '09/04/2567', 'sta': 'งดขายไม่มีผู้สู้ราคา'}, '2': {'date': '30/04/2567', 'sta': 'งดขายไม่มีผู้สู้ราคา'}, '3': {'date': '21/05/2567', 'sta': 'งดขายไม่มีผู้สู้ราคา'}, '4': {'date': '11/06/2567', 'sta': '-'}, '5': {'date': '02/07/2567', 'sta': '-'}, '6': {'date': '23/07/2567', 'sta': '-'}}",ปลอดการจำนอง,44092750,09-02-2567,"['https://asset.led.go.th/PPKPicture/2567/01-2567/10/4237p.jpg', 'https://asset.led.go.th/PPKPicture/2567/01-2567/10/4237j.jpg']","https://asset.led.go.th/newbid-old/asset_open.asp?law_suit_no=%BC%BA.391&law_suit_year=2556&deed_no=4237&addrno=%E4%C1%E8%BB%C3%D2%A1%AF%E0%C5%A2%B7%D0%E0%BA%D5%C2%B9,93/8",16/1,,,20240611,-,"['20240409', '20240430', '20240521', '20240611', '20240702', '20240723']",4,3,30864924,https://asset.led.go.th/PPKPicture/2567/01-2567/10/4237p.jpg,https://asset.led.go.th/PPKPicture/2567/01-2567/10/4237j.jpg,2024-06-03
1 - 2,ผบ.391/2556,ที่ดินพร้อมสิ่งปลูกสร้าง,16,3,79.0,26571327.5,ชอนสารเดช,โคกสำโรง,ลพบุรี,4265,2500000,"{'1': {'date': '09/04/2567', 'sta': 'งดขายไม่มีผู้สู้ราคา'}, '2': {'date': '30/04/2567', 'sta': 'งดขายไม่มีผู้สู้ราคา'}, '3': {'date': '21/05/2567', 'sta': 'งดขายไม่มีผู้สู้ราคา'}, '4': {'date': '11/06/2567', 'sta': '-'}, '5': {'date': '02/07/2567', 'sta': '-'}, '6': {'date': '23/07/2567', 'sta': '-'}}",ปลอดการจำนอง,44092750,09-02-2567,"['https://asset.led.go.th/PPKPicture/2567/01-2567/10/4265p.jpg', 'https://asset.led.go.th/PPKPicture/2567/01-2567/10/4265j.jpg']","https://asset.led.go.th/newbid-old/asset_open.asp?law_suit_no=%BC%BA.391&law_suit_year=2556&deed_no=4265&addrno=%E4%C1%E8%BB%C3%D2%A1%AF%E0%C5%A2%B7%D0%E0%BA%D5%C2%B9,93/8",17/1,,,20240611,-,"['20240409', '20240430', '20240521', '20240611', '20240702', '20240723']",4,3,30864924,https://asset.led.go.th/PPKPicture/2567/01-2567/10/4265p.jpg,https://asset.led.go.th/PPKPicture/2567/01-2567/10/4265j.jpg,2024-06-03
2 - 1,ผบ.14914/2560,ที่ดินว่างเปล่า,9,3,82.0,597300.0,บางขันหมาก,เมืองลพบุรี,ลพบุรี,12963,25000,"{'1': {'date': '21/05/2567', 'sta': 'งดการบังคับคดี'}, '2': {'date': '11/06/2567', 'sta': 'งดขาย'}, '3': {'date': '02/07/2567', 'sta': 'งดขาย'}, '4': {'date': '23/07/2567', 'sta': 'งดขาย'}, '5': {'date': '13/08/2567', 'sta': 'งดขาย'}, '6': {'date': '03/09/2567', 'sta': 'งดขาย'}}",การจำนองติดไป,597300,21-03-2567,"['https://asset.led.go.th/PPKPicture/2567/02-2567/21/12963p.jpg', 'https://asset.led.go.th/PPKPicture/2567/02-2567/21/12963j.jpg']",https://asset.led.go.th/newbid-old/asset_open.asp?law_suit_no=%BC%BA.14914&law_suit_year=2560&deed_no=12963&addrno=-,18/1,,,20240611,งดขาย,"['20240521', '20240611', '20240702', '20240723', '20240813', '20240903']",2,0,597300,https://asset.led.go.th/PPKPicture/2567/02-2567/21/12963p.jpg,https://asset.led.go.th/PPKPicture/2567/02-2567/21/12963j.jpg,2024-06-03
2 - 1,ผบE.3013/2564,ที่ดินว่างเปล่า,2,0,0.0,160000.0,ดงมะรุม,โคกสำโรง,ลพบุรี,58373,5000,"{'1': {'date': '23/04/2567', 'sta': 'งดขายไม่มีผู้สู้ราคา'}, '2': {'date': '14/05/2567', 'sta': 'งดขายไม่มีผู้สู้ราคา'}, '3': {'date': '04/06/2567', 'sta': '-'}, '4': {'date': '25/06/2567', 'sta': '-'}, '5': {'date': '16/07/2567', 'sta': '-'}, '6': {'date': '06/08/2567', 'sta': '-'}}",การจำนองติดไป,160000,23-02-2567,"['https://asset.led.go.th/PPKPicture/2567/01-2567/25/58373p.jpg', 'https://asset.led.go.th/PPKPicture/2567/01-2567/25/58373j.jpg']",https://asset.led.go.th/newbid-old/asset_open.asp?law_suit_no=%BC%BAE.3013&law_suit_year=2564&deed_no=58373&addrno=-,19/1,,,20240604,-,"['20240423', '20240514', '20240604', '20240625', '20240716', '20240806']",3,2,128000,https://asset.led.go.th/PPKPicture/2567/01-2567/25/58373p.jpg,https://asset.led.go.th/PPKPicture/2567/01-2567/25/58373j.jpg,2024-06-03
2 - 1,ผบ.4282/2559,ที่ดินพร้อมสิ่งปลูกสร้าง,0,3,1.0,847400.0,งิ้วราย,เมืองลพบุรี,ลพบุรี,60112,50000,"{'1': {'date': '04/06/2567', 'sta': '-'}, '2': {'date': '25/06/2567', 'sta': '-'}, '3': {'date': '16/07/2567', 'sta': '-'}, '4': {'date': '06/08/2567', 'sta': '-'}, '5': {'date': '27/08/2567', 'sta': '-'}, '6': {'date': '17/09/2567', 'sta': '-'}}",การจำนองติดไป,847400,04-04-2567,"['https://asset.led.go.th/PPKPicture/2567/03-2567/07/60112p.jpg', 'https://asset.led.go.th/PPKPicture/2567/03-2567/07/60112j.jpg']",https://asset.led.go.th/newbid-old/asset_open.asp?law_suit_no=%BC%BA.4282&law_suit_year=2559&deed_no=60112&addrno=%E4%C1%E8%BB%C3%D2%A1%AF%E0%C5%A2%B7%D0%E0%BA%D5%C2%B9,20/1,,,20240604,-,"['20240604', '20240625', '20240716', '20240806', '20240827', '20240917']",1,0,847400,https://asset.led.go.th/PPKPicture/2567/03-2567/07/60112p.jpg,https://asset.led.go.th/PPKPicture/2567/03-2567/07/60112j.jpg,2024-06-03
2 - 1,ผบE.952/2565,ที่ดินพร้อมสิ่งปลูกสร้าง,1,0,15.0,159930.0,วังจั่น,โคกสำโรง,ลพบุรี,13717,5000,"{'1': {'date': '20/02/2567', 'sta': 'ถอนการยึด'}, '2': {'date': '12/03/2567', 'sta': 'ถอนการยึด'}, '3': {'date': '02/04/2567', 'sta': 'ถอนการยึด'}, '4': {'date': '23/04/2567', 'sta': 'ถอนการยึด'}, '5': {'date': '14/05/2567', 'sta': 'ถอนการยึด'}, '6': {'date': '04/06/2567', 'sta': 'ถอนการยึด'}}",การจำนองติดไป,159930,20-12-2566,"['https://asset.led.go.th/PPKPicture/2566/11-2566/22/13717p.jpg', 'https://asset.led.go.th/PPKPicture/2566/11-2566/22/13717j.jpg']",https://asset.led.go.th/newbid-old/asset_open.asp?law_suit_no=%BC%BAE.952&law_suit_year=2565&deed_no=13717&addrno=%E4%C1%E8%BB%C3%D2%A1%AF%E0%C5%A2%B7%D0%E0%BA%D5%C2%B9,21/1,,,20240604,ถอนการยึด,"['20240220', '20240312', '20240402', '20240423', '20240514', '20240604']",6,0,159930,https://asset.led.go.th/PPKPicture/2566/11-2566/22/13717p.jpg,https://asset.led.go.th/PPKPicture/2566/11-2566/22/13717j.jpg,2024-06-03
2 - 1,ผบ.369/2565,ที่ดินพร้อมสิ่งปลูกสร้าง,0,0,25.0,203500.0,ห้วยโป่ง,โคกสำโรง,ลพบุรี,40179,5000,"{'1': {'date': '07/05/2567', 'sta': 'งดขายไม่มีผู้สู้ราคา'}, '2': {'date': '28/05/2567', 'sta': 'งดขายไม่มีผู้สู้ราคา'}, '3': {'date': '18/06/2567', 'sta': '-'}, '4': {'date': '09/07/2567', 'sta': '-'}, '5': {'date': '30/07/2567', 'sta': '-'}, '6': {'date': '20/08/2567', 'sta': '-'}}",การจำนองติดไป,203500,07-03-2567,"['https://asset.led.go.th/PPKPicture/2567/02-2567/06/40179p.jpg', 'https://asset.led.go.th/PPKPicture/2567/02-2567/06/40179j.jpg']",https://asset.led.go.th/newbid-old/asset_open.asp?law_suit_no=%BC%BA.369&law_suit_year=2565&deed_no=40179&addrno=%E4%C1%E8%BB%C3%D2%A1%AF%E0%C5%A2%B7%D0%E0%BA%D5%C2%B9,22/1,,,20240618,-,"['20240507', '20240528', '20240618', '20240709', '20240730', '20240820']",3,2,162800,https://asset.led.go.th/PPKPicture/2567/02-2567/06/40179p.jpg,https://asset.led.go.th/PPKPicture/2567/02-2567/06/40179j.jpg,2024-06-03
2 - 1,ผบE.827/2566,ที่ดินพร้อมสิ่งปลูกสร้าง,0,1,7.0,1029880.0,เพนียด,โคกสำโรง,ลพบุรี,11121,150000,"{'1': {'date': '30/07/2567', 'sta': '-'}, '2': {'date': '20/08/2567', 'sta': '-'}, '3': {'date': '10/09/2567', 'sta': '-'}, '4': {'date': '01/10/2567', 'sta': '-'}, '5': {'date': '22/10/2567', 'sta': '-'}, '6': {'date': '12/11/2567', 'sta': '-'}}",ปลอดการจำนอง,1029880,30-05-2567,"['https://asset.led.go.th/PPKPicture/2567/05-2567/01/11121p.jpg', 'https://asset.led.go.th/PPKPicture/2567/05-2567/01/11121j.jpg']",https://asset.led.go.th/newbid-old/asset_open.asp?law_suit_no=%BC%BAE.827&law_suit_year=2566&deed_no=11121&addrno=173,23/1,,,20240730,-,"['20240730', '20240820', '20240910', '20241001', '20241022', '20241112']",1,0,1029880,https://asset.led.go.th/PPKPicture/2567/05-2567/01/11121p.jpg,https://asset.led.go.th/PPKPicture/2567/05-2567/01/11121j.jpg,2024-06-03
2 - 1,ผบE.2013/2564,ที่ดินพร้อมสิ่งปลูกสร้าง,0,0,35.0,326900.0,ห้วยโป่ง,โคกสำโรง,ลพบุรี,43753,5000,"{'1': {'date': '16/07/2567', 'sta': '-'}, '2': {'date': '06/08/2567', 'sta': '-'}, '3': {'date': '27/08/2567', 'sta': '-'}, '4': {'date': '17/09/2567', 'sta': '-'}, '5': {'date': '08/10/2567', 'sta': '-'}, '6': {'date': '29/10/2567', 'sta': '-'}}",การจำนองติดไป,326900,16-05-2567,"['https://asset.led.go.th/PPKPicture/2567/04-2567/19/43753p.jpg', 'https://asset.led.go.th/PPKPicture/2567/04-2567/19/43753j.jpg']","https://asset.led.go.th/newbid-old/asset_open.asp?law_suit_no=%BC%BAE.2013&law_suit_year=2564&deed_no=43753&addrno=%E4%C1%E8%BB%C3%D2%A1%AF%E0%C5%A2%B7%D0%E0%BA%D5%C2%B9,%20348",24/1,,,20240716,-,"['20240716', '20240806', '20240827', '20240917', '20241008', '20241029']",1,0,326900,https://asset.led.go.th/PPKPicture/2567/04-2567/19/43753p.jpg,https://asset.led.go.th/PPKPicture/2567/04-2567/19/43753j.jpg,2024-06-03
2 - 1,ผบ.283/2558,ที่ดินพร้อมสิ่งปลูกสร้าง,0,1,0.0,485540.0,พัฒนานิคม,พัฒนานิคม,ลพบุรี,21227,25000,"{'1': {'date': '18/06/2567', 'sta': '-'}, '2': {'date': '09/07/2567', 'sta': '-'}, '3': {'date': '30/07/2567', 'sta': '-'}, '4': {'date': '20/08/2567', 'sta': '-'}, '5': {'date': '10/09/2567', 'sta': '-'}, '6': {'date': '01/10/2567', 'sta': '-'}}",ปลอดภาระผูกพัน,485540,18-04-2567,"['https://asset.led.go.th/PPKPicture/2567/03-2567/22/21227p.jpg', 'https://asset.led.go.th/PPKPicture/2567/03-2567/22/21227j.jpg']",https://asset.led.go.th/newbid-old/asset_open.asp?law_suit_no=%BC%BA.283&law_suit_year=2558&deed_no=21227&addrno=%E4%C1%E8%BB%C3%D2%A1%AF%E0%C5%A2%B7%D0%E0%BA%D5%C2%B9,25/1,,,20240618,-,"['20240618', '20240709', '20240730', '20240820', '20240910', '20241001']",1,0,485540,https://asset.led.go.th/PPKPicture/2567/03-2567/22/21227p.jpg,https://asset.led.go.th/PPKPicture/2567/03-2567/22/21227j.jpg,2024-06-03
2 - 1,624/2543,ที่ดินพร้อมสิ่งปลูกสร้าง,0,0,25.3,372052.0,ทะเลชุบศร,เมืองลพบุรี,ลพบุรี,54354,25000,"{'1': {'date': '19/03/2567', 'sta': 'งดขายส่งประกาศมิชอบ'}, '2': {'date': '09/04/2567', 'sta': 'ขายได้'}, '3': {'date': '30/04/2567', 'sta': 'ขายได้'}, '4': {'date': '21/05/2567', 'sta': 'ขายได้'}, '5': {'date': '11/06/2567', 'sta': 'ขายได้'}, '6': {'date': '02/07/2567', 'sta': 'ขายได้'}}",ปลอดภาระผูกพัน,372052,19-01-2567,"['https://asset.led.go.th/PPKPicture/2566/12-2566/20/54354p.jpg', 'https://asset.led.go.th/PPKPicture/2566/12-2566/20/54354j.jpg']",https://asset.led.go.th/newbid-old/asset_open.asp?law_suit_no=624&law_suit_year=2543&deed_no=54354&addrno=%E4%C1%E8%BB%C3%D2%A1%AF%E0%C5%A2%B7%D0%E0%BA%D5%C2%B9,26/1,,,20240611,ขายได้,"['20240319', '20240409', '20240430', '20240521', '20240611', '20240702']",5,0,372052,https://asset.led.go.th/PPKPicture/2566/12-2566/20/54354p.jpg,https://asset.led.go.th/PPKPicture/2566/12-2566/20/54354j.jpg,2024-06-03
2 - 1,ผบ.90/2565,ที่ดินว่างเปล่า,1,2,98.0,7130990.0,หนองม่วง,หนองม่วง,ลพบุรี,19228,500000,"{'1': {'date': '02/07/2567', 'sta': '-'}, '2': {'date': '23/07/2567', 'sta': '-'}, '3': {'date': '13/08/2567', 'sta': '-'}, '4': {'date': '03/09/2567', 'sta': '-'}, '5': {'date': '24/09/2567', 'sta': '-'}, '6': {'date': '15/10/2567', 'sta': '-'}}",ปลอดการจำนอง,7130990,02-05-2567,"['https://asset.led.go.th/PPKPicture/2567/04-2567/05/19228p.jpg', 'https://asset.led.go.th/PPKPicture/2567/04-2567/05/19228j.jpg']",https://asset.led.go.th/newbid-old/asset_open.asp?law_suit_no=%BC%BA.90&law_suit_year=2565&deed_no=19228&addrno=-,27/1,,,20240702,-,"['20240702', '20240723', '20240813', '20240903', '20240924', '20241015']",1,0,7130990,https://asset.led.go.th/PPKPicture/2567/04-2567/05/19228p.jpg,https://asset.led.go.th/PPKPicture/2567/04-2567/05/19228j.jpg,2024-06-03
2 - 1,ผบ.3013/2557,ที่ดินว่างเปล่า,0,1,0.0,20000.0,ถลุงเหล็ก,โคกสำโรง,ลพบุรี,41094,5000,"{'1': {'date': '09/04/2567', 'sta': 'ถอนการยึด'}, '2': {'date': '30/04/2567', 'sta': 'ถอนการยึด'}, '3': {'date': '21/05/2567', 'sta': 'ถอนการยึด'}, '4': {'date': '11/06/2567', 'sta': 'ถอนการยึด'}, '5': {'date': '02/07/2567', 'sta': 'ถอนการยึด'}, '6': {'date': '23/07/2567', 'sta': 'ถอนการยึด'}}",ปลอดภาระผูกพัน,20000,09-02-2567,['https://asset.led.go.th/newbid-old/img/null_aSset_pic.jpg'],https://asset.led.go.th/newbid-old/asset_open.asp?law_suit_no=%BC%BA.3013&law_suit_year=2557&deed_no=41094&addrno=-,28/1,,,20240611,ถอนการยึด,"['20240409', '20240430', '20240521', '20240611', '20240702', '20240723']",4,0,20000,https://asset.led.go.th/newbid-old/img/null_aSset_pic.jpg,,2024-06-03
2 - 1,ผบ.90/2565,ที่ดินพร้อมสิ่งปลูกสร้าง,5,3,76.0,7130990.0,หนองม่วง,หนองม่วง,ลพบุรี,7794,500000,"{'1': {'date': '02/07/2567', 'sta': '-'}, '2': {'date': '23/07/2567', 'sta': '-'}, '3': {'date': '13/08/2567', 'sta': '-'}, '4': {'date': '03/09/2567', 'sta': '-'}, '5': {'date': '24/09/2567', 'sta': '-'}, '6': {'date': '15/10/2567', 'sta': '-'}}",ปลอดการจำนอง,7130990,02-05-2567,"['https://asset.led.go.th/PPKPicture/2567/04-2567/05/19228p.jpg', 'https://asset.led.go.th/PPKPicture/2567/04-2567/05/19228j.jpg']",https://asset.led.go.th/newbid-old/asset_open.asp?law_suit_no=%BC%BA.90&law_suit_year=2565&deed_no=7794&addrno=%E4%C1%E8%BB%C3%D2%A1%AF%E0%C5%A2%B7%D0%E0%BA%D5%C2%B9,29/1,,,20240702,-,"['20240702', '20240723', '20240813', '20240903', '20240924', '20241015']",1,0,7130990,https://asset.led.go.th/PPKPicture/2567/04-2567/05/19228p.jpg,https://asset.led.go.th/PPKPicture/2567/04-2567/05/19228j.jpg,2024-06-03
3 - 1,ผบ.3652/2562,ที่ดินว่างเปล่า,0,0,80.0,136000.0,ห้วยโป่ง,โคกสำโรง,ลพบุรี,42507,10000,"{'1': {'date': '04/06/2567', 'sta': '-'}, '2': {'date': '25/06/2567', 'sta': '-'}, '3': {'date': '16/07/2567', 'sta': '-'}, '4': {'date': '06/08/2567', 'sta': '-'}, '5': {'date': '27/08/2567', 'sta': '-'}, '6': {'date': '17/09/2567', 'sta': '-'}}",ปลอดภาระผูกพัน,136000,04-04-2567,"['https://asset.led.go.th/PPKPicture/2567/03-2567/07/42507p.jpg', 'https://asset.led.go.th/PPKPicture/2567/03-2567/07/42507j.jpg']",https://asset.led.go.th/newbid-old/asset_open.asp?law_suit_no=%BC%BA.3652&law_suit_year=2562&deed_no=42507&addrno=-,30/1,,,20240604,-,"['20240604', '20240625', '20240716', '20240806', '20240827', '20240917']",1,0,136000,https://asset.led.go.th/PPKPicture/2567/03-2567/07/42507p.jpg,https://asset.led.go.th/PPKPicture/2567/03-2567/07/42507j.jpg,2024-06-03
3 - 1,ผบ.3568/2557,ที่ดินพร้อมสิ่งปลูกสร้าง,0,0,11.0,432465.0,ทะเลชุบศร,เมืองลพบุรี,ลพบุรี,42077,5000,"{'1': {'date': '21/05/2567', 'sta': 'งดขายไม่มีผู้สู้ราคา'}, '2': {'date': '11/06/2567', 'sta': '-'}, '3': {'date': '02/07/2567', 'sta': '-'}, '4': {'date': '23/07/2567', 'sta': '-'}, '5': {'date': '13/08/2567', 'sta': '-'}, '6': {'date': '03/09/2567', 'sta': '-'}}",การจำนองติดไป,432465,21-03-2567,"['https://asset.led.go.th/PPKPicture/2567/02-2567/21/42077p.jpg', 'https://asset.led.go.th/PPKPicture/2567/02-2567/21/42077j.jpg']",https://asset.led.go.th/newbid-old/asset_open.asp?law_suit_no=%BC%BA.3568&law_suit_year=2557&deed_no=42077&addrno=%E4%C1%E8%BB%C3%D2%A1%AF%E0%C5%A2%B7%D0%E0%BA%D5%C2%B9,31/1,,,20240611,-,"['20240521', '20240611', '20240702', '20240723', '20240813', '20240903']",2,1,389218,https://asset.led.go.th/PPKPicture/2567/02-2567/21/42077p.jpg,https://asset.led.go.th/PPKPicture/2567/02-2567/21/42077j.jpg,2024-06-03
3 - 1,ผบE.813/2566,ที่ดินพร้อมสิ่งปลูกสร้าง,0,0,19.0,248900.0,บ้านเบิก,ท่าวุ้ง,ลพบุรี,26703,5000,"{'1': {'date': '23/04/2567', 'sta': 'งดขายในนัดที่เหลือ'}, '2': {'date': '14/05/2567', 'sta': 'งดขายในนัดที่เหลือ'}, '3': {'date': '04/06/2567', 'sta': 'งดขายในนัดที่เหลือ'}, '4': {'date': '25/06/2567', 'sta': 'งดขายในนัดที่เหลือ'}, '5': {'date': '16/07/2567', 'sta': 'งดขายในนัดที่เหลือ'}, '6': {'date': '06/08/2567', 'sta': 'งดขายในนัดที่เหลือ'}}",การจำนองติดไป,248900,23-02-2567,"['https://asset.led.go.th/PPKPicture/2567/01-2567/25/26703p.jpg', 'https://asset.led.go.th/PPKPicture/2567/01-2567/25/26703j.jpg']",https://asset.led.go.th/newbid-old/asset_open.asp?law_suit_no=%BC%BAE.813&law_suit_year=2566&deed_no=26703&addrno=50/13,32/1,,,20240604,งดขายในนัดที่เหลือ,"['20240423', '20240514', '20240604', '20240625', '20240716', '20240806']",3,0,248900,https://asset.led.go.th/PPKPicture/2567/01-2567/25/26703p.jpg,https://asset.led.go.th/PPKPicture/2567/01-2567/25/26703j.jpg,2024-06-03
3 - 1,ผบ.2530/2563,ที่ดินว่างเปล่า,1,3,25.0,587250.0,หนองม่วง,หนองม่วง,ลพบุรี,283,50000,"{'1': {'date': '16/07/2567', 'sta': '-'}, '2': {'date': '06/08/2567', 'sta': '-'}, '3': {'date': '27/08/2567', 'sta': '-'}, '4': {'date': '17/09/2567', 'sta': '-'}, '5': {'date': '08/10/2567', 'sta': '-'}, '6': {'date': '29/10/2567', 'sta': '-'}}",ปลอดการจำนอง,587250,16-05-2567,"['https://asset.led.go.th/PPKPicture/2567/04-2567/19/283p.jpg', 'https://asset.led.go.th/PPKPicture/2567/04-2567/19/283j.jpg']",https://asset.led.go.th/newbid-old/asset_open.asp?law_suit_no=%BC%BA.2530&law_suit_year=2563&deed_no=283&addrno=-,33/1,,,20240716,-,"['20240716', '20240806', '20240827', '20240917', '20241008', '20241029']",1,0,587250,https://asset.led.go.th/PPKPicture/2567/04-2567/19/283p.jpg,https://asset.led.go.th/PPKPicture/2567/04-2567/19/283j.jpg,2024-06-03
3 - 1,ผบE.610/2565,ที่ดินพร้อมสิ่งปลูกสร้าง,0,0,50.0,746360.0,นิคมสร้างตนเอง,เมืองลพบุรี,ลพบุรี,100794,50000,"{'1': {'date': '20/02/2567', 'sta': 'ขายได้'}, '2': {'date': '12/03/2567', 'sta': 'ขายได้'}, '3': {'date': '02/04/2567', 'sta': 'ขายได้'}, '4': {'date': '23/04/2567', 'sta': 'ขายได้'}, '5': {'date': '14/05/2567', 'sta': 'ขายได้'}, '6': {'date': '04/06/2567', 'sta': 'ขายได้'}}",ปลอดการจำนอง,746360,20-12-2566,"['https://asset.led.go.th/PPKPicture/2566/11-2566/22/100794p.jpg', 'https://asset.led.go.th/PPKPicture/2566/11-2566/22/100794j.jpg']",https://asset.led.go.th/newbid-old/asset_open.asp?law_suit_no=%BC%BAE.610&law_suit_year=2565&deed_no=100794&addrno=171/15,34/1,,,20240604,ขายได้,"['20240220', '20240312', '20240402', '20240423', '20240514', '20240604']",6,0,746360,https://asset.led.go.th/PPKPicture/2566/11-2566/22/100794p.jpg,https://asset.led.go.th/PPKPicture/2566/11-2566/22/100794j.jpg,2024-06-03
3 - 1,ผบ.131/2558,ที่ดินว่างเปล่า,8,1,32.0,866320.0,โพธิ์เก้าต้น,เมืองลพบุรี,ลพบุรี,5708,50000,"{'1': {'date': '18/06/2567', 'sta': '-'}, '2': {'date': '09/07/2567', 'sta': '-'}, '3': {'date': '30/07/2567', 'sta': '-'}, '4': {'date': '20/08/2567', 'sta': '-'}, '5': {'date': '10/09/2567', 'sta': '-'}, '6': {'date': '01/10/2567', 'sta': '-'}}",ปลอดการจำนอง,866320,18-04-2567,"['https://asset.led.go.th/PPKPicture/2567/03-2567/22/5708p.jpg', 'https://asset.led.go.th/PPKPicture/2567/03-2567/22/5708j.jpg']",https://asset.led.go.th/newbid-old/asset_open.asp?law_suit_no=%BC%BA.131&law_suit_year=2558&deed_no=5708&addrno=-,35/1,,,20240618,-,"['20240618', '20240709', '20240730', '20240820', '20240910', '20241001']",1,0,866320,https://asset.led.go.th/PPKPicture/2567/03-2567/22/5708p.jpg,https://asset.led.go.th/PPKPicture/2567/03-2567/22/5708j.jpg,2024-06-03
3 - 1,ผบE.402/2566,ที่ดินพร้อมสิ่งปลูกสร้าง,1,0,96.0,306100.0,คลองเกตุ,โคกสำโรง,ลพบุรี,16953,25000,"{'1': {'date': '30/07/2567', 'sta': '-'}, '2': {'date': '20/08/2567', 'sta': '-'}, '3': {'date': '10/09/2567', 'sta': '-'}, '4': {'date': '01/10/2567', 'sta': '-'}, '5': {'date': '22/10/2567', 'sta': '-'}, '6': {'date': '12/11/2567', 'sta': '-'}}",ปลอดการจำนอง,306100,30-05-2567,"['https://asset.led.go.th/PPKPicture/2567/05-2567/01/16953p.jpg', 'https://asset.led.go.th/PPKPicture/2567/05-2567/01/16953j.jpg']",https://asset.led.go.th/newbid-old/asset_open.asp?law_suit_no=%BC%BAE.402&law_suit_year=2566&deed_no=16953&addrno=%E4%C1%E8%BB%C3%D2%A1%AF%E0%C5%A2%B7%D0%E0%BA%D5%C2%B9,36/1,,,20240730,-,"['20240730', '20240820', '20240910', '20241001', '20241022', '20241112']",1,0,306100,https://asset.led.go.th/PPKPicture/2567/05-2567/01/16953p.jpg,https://asset.led.go.th/PPKPicture/2567/05-2567/01/16953j.jpg,2024-06-03
3 - 1,ผบE.643/2566,ที่ดินพร้อมสิ่งปลูกสร้าง,0,0,40.0,3115000.0,เขาพระงาม,เมืองลพบุรี,ลพบุรี,89064,250000,"{'1': {'date': '09/04/2567', 'sta': 'งดขายไม่มีผู้สู้ราคา'}, '2': {'date': '30/04/2567', 'sta': 'งดขายไม่มีผู้สู้ราคา'}, '3': {'date': '21/05/2567', 'sta': 'งดขายไม่มีผู้สู้ราคา'}, '4': {'date': '11/06/2567', 'sta': '-'}, '5': {'date': '02/07/2567', 'sta': '-'}, '6': {'date': '23/07/2567', 'sta': '-'}}",ปลอดการจำนอง,3115000,09-02-2567,"['https://asset.led.go.th/PPKPicture/2567/01-2567/10/89064p.jpg', 'https://asset.led.go.th/PPKPicture/2567/01-2567/10/89064j.jpg']","https://asset.led.go.th/newbid-old/asset_open.asp?law_suit_no=%BC%BAE.643&law_suit_year=2566&deed_no=89064&addrno=140/1,%E4%C1%E8%BB%C3%D2%A1%AF%E0%C5%A2%B7%D0%E0%BA%D5%C2%B9",37/1,,,20240611,-,"['20240409', '20240430', '20240521', '20240611', '20240702', '20240723']",4,3,2180500,https://asset.led.go.th/PPKPicture/2567/01-2567/10/89064p.jpg,https://asset.led.go.th/PPKPicture/2567/01-2567/10/89064j.jpg,2024-06-03
3 - 1,ผบE.1921/2565,ที่ดินว่างเปล่า,17,0,49.0,890370.0,โคกสลุง,พัฒนานิคม,ลพบุรี,14314,50000,"{'1': {'date': '05/03/2567', 'sta': 'ถอนการยึด'}, '2': {'date': '26/03/2567', 'sta': 'ถอนการยึด'}, '3': {'date': '12/04/2567', 'sta': 'ถอนการยึด'}, '4': {'date': '07/05/2567', 'sta': 'ถอนการยึด'}, '5': {'date': '28/05/2567', 'sta': 'ถอนการยึด'}, '6': {'date': '18/06/2567', 'sta': 'ถอนการยึด'}}",ปลอดภาระผูกพัน,890370,05-01-2567,"['https://asset.led.go.th/PPKPicture/2566/12-2566/06/14314p.jpg', 'https://asset.led.go.th/PPKPicture/2566/12-2566/06/14314j.jpg']",https://asset.led.go.th/newbid-old/asset_open.asp?law_suit_no=%BC%BAE.1921&law_suit_year=2565&deed_no=14314&addrno=-,38/1,,,20240618,ถอนการยึด,"['20240305', '20240326', '20240412', '20240507', '20240528', '20240618']",6,0,890370,https://asset.led.go.th/PPKPicture/2566/12-2566/06/14314p.jpg,https://asset.led.go.th/PPKPicture/2566/12-2566/06/14314j.jpg,2024-06-03
3 - 1,ผบ.4082/2562,ที่ดินว่างเปล่า,0,0,49.8,49800.0,นิคมสร้างตนเอง,เมืองลพบุรี,ลพบุรี,48790,5000,"{'1': {'date': '19/03/2567', 'sta': 'งดขายไม่มีผู้สู้ราคา'}, '2': {'date': '09/04/2567', 'sta': 'งดขายไม่มีผู้สู้ราคา'}, '3': {'date': '30/04/2567', 'sta': 'งดขายไม่มีผู้สู้ราคา'}, '4': {'date': '21/05/2567', 'sta': 'งดขายไม่มีผู้สู้ราคา'}, '5': {'date': '11/06/2567', 'sta': '-'}, '6': {'date': '02/07/2567', 'sta': '-'}}",การจำนองติดไป,49800,19-01-2567,"['https://asset.led.go.th/PPKPicture/2566/12-2566/20/48790p.jpg', 'https://asset.led.go.th/PPKPicture/2566/12-2566/20/48790j.jpg']",https://asset.led.go.th/newbid-old/asset_open.asp?law_suit_no=%BC%BA.4082&law_suit_year=2562&deed_no=48790&addrno=-,39/1,,,20240611,-,"['20240319', '20240409', '20240430', '20240521', '20240611', '20240702']",5,3,34860,https://asset.led.go.th/PPKPicture/2566/12-2566/20/48790p.jpg,https://asset.led.go.th/PPKPicture/2566/12-2566/20/48790j.jpg,2024-06-03
3 - 1,ผบ.592/2562,ที่ดินพร้อมสิ่งปลูกสร้าง,0,0,50.2,923380.0,กกโก,เมืองลพบุรี,ลพบุรี,59484,10000,"{'1': {'date': '02/07/2567', 'sta': '-'}, '2': {'date': '23/07/2567', 'sta': '-'}, '3': {'date': '13/08/2567', 'sta': '-'}, '4': {'date': '03/09/2567', 'sta': '-'}, '5': {'date': '24/09/2567', 'sta': '-'}, '6': {'date': '15/10/2567', 'sta': '-'}}",การจำนองติดไป,923380,02-05-2567,"['https://asset.led.go.th/PPKPicture/2567/04-2567/05/59484p.jpg', 'https://asset.led.go.th/PPKPicture/2567/04-2567/05/59484j.jpg']",https://asset.led.go.th/newbid-old/asset_open.asp?law_suit_no=%BC%BA.592&law_suit_year=2562&deed_no=59484&addrno=142/641,40/1,,,20240702,-,"['20240702', '20240723', '20240813', '20240903', '20240924', '20241015']",1,0,923380,https://asset.led.go.th/PPKPicture/2567/04-2567/05/59484p.jpg,https://asset.led.go.th/PPKPicture/2567/04-2567/05/59484j.jpg,2024-06-03
3 - 1,ผบ.1322/2556,ที่ดินว่างเปล่า,0,1,0.0,30000.0,ดอนดึง,บ้านหมี่,ลพบุรี,25640,5000,"{'1': {'date': '07/05/2567', 'sta': 'งดขายไม่มีผู้สู้ราคา'}, '2': {'date': '28/05/2567', 'sta': 'งดขายไม่มีผู้สู้ราคา'}, '3': {'date': '18/06/2567', 'sta': '-'}, '4': {'date': '09/07/2567', 'sta': '-'}, '5': {'date': '30/07/2567', 'sta': '-'}, '6': {'date': '20/08/2567', 'sta': '-'}}",การจำนองติดไป,30000,07-03-2567,"['https://asset.led.go.th/PPKPicture/2567/02-2567/06/25640p.jpg', 'https://asset.led.go.th/PPKPicture/2567/02-2567/06/25640j.jpg']",https://asset.led.go.th/newbid-old/asset_open.asp?law_suit_no=%BC%BA.1322&law_suit_year=2556&deed_no=25640&addrno=-,41/1,,,20240618,-,"['20240507', '20240528', '20240618', '20240709', '20240730', '20240820']",3,2,24000,https://asset.led.go.th/PPKPicture/2567/02-2567/06/25640p.jpg,https://asset.led.go.th/PPKPicture/2567/02-2567/06/25640j.jpg,2024-06-03
3 - 1,ผบE.402/2566,ที่ดินว่างเปล่า,0,2,30.0,306100.0,คลองเกตุ,โคกสำโรง,ลพบุรี,32962,25000,"{'1': {'date': '30/07/2567', 'sta': '-'}, '2': {'date': '20/08/2567', 'sta': '-'}, '3': {'date': '10/09/2567', 'sta': '-'}, '4': {'date': '01/10/2567', 'sta': '-'}, '5': {'date': '22/10/2567', 'sta': '-'}, '6': {'date': '12/11/2567', 'sta': '-'}}",ปลอดการจำนอง,306100,30-05-2567,"['https://asset.led.go.th/PPKPicture/2567/05-2567/01/32962p.jpg', 'https://asset.led.go.th/PPKPicture/2567/05-2567/01/32962j.jpg']",https://asset.led.go.th/newbid-old/asset_open.asp?law_suit_no=%BC%BAE.402&law_suit_year=2566&deed_no=32962&addrno=-,42/1,,,20240730,-,"['20240730', '20240820', '20240910', '20241001', '20241022', '20241112']",1,0,306100,https://asset.led.go.th/PPKPicture/2567/05-2567/01/32962p.jpg,https://asset.led.go.th/PPKPicture/2567/05-2567/01/32962j.jpg,2024-06-03
3 - 1,ผบE.402/2566,ที่ดินว่างเปล่า,0,2,5.0,306100.0,คลองเกตุ,โคกสำโรง,ลพบุรี,32963,25000,"{'1': {'date': '30/07/2567', 'sta': '-'}, '2': {'date': '20/08/2567', 'sta': '-'}, '3': {'date': '10/09/2567', 'sta': '-'}, '4': {'date': '01/10/2567', 'sta': '-'}, '5': {'date': '22/10/2567', 'sta': '-'}, '6': {'date': '12/11/2567', 'sta': '-'}}",ปลอดการจำนอง,306100,30-05-2567,"['https://asset.led.go.th/PPKPicture/2567/05-2567/01/32963p.jpg', 'https://asset.led.go.th/PPKPicture/2567/05-2567/01/32963j.jpg']",https://asset.led.go.th/newbid-old/asset_open.asp?law_suit_no=%BC%BAE.402&law_suit_year=2566&deed_no=32963&addrno=-,43/1,,,20240730,-,"['20240730', '20240820', '20240910', '20241001', '20241022', '20241112']",1,0,306100,https://asset.led.go.th/PPKPicture/2567/05-2567/01/32963p.jpg,https://asset.led.go.th/PPKPicture/2567/05-2567/01/32963j.jpg,2024-06-03
4 - 1,ผบE.1525/2564,ที่ดินพร้อมสิ่งปลูกสร้าง,0,0,29.0,399970.0,พัฒนานิคม,พัฒนานิคม,ลพบุรี,8884,5000,"{'1': {'date': '21/05/2567', 'sta': 'งดขายไม่มีผู้สู้ราคา'}, '2': {'date': '11/06/2567', 'sta': '-'}, '3': {'date': '02/07/2567', 'sta': '-'}, '4': {'date': '23/07/2567', 'sta': '-'}, '5': {'date': '13/08/2567', 'sta': '-'}, '6': {'date': '03/09/2567', 'sta': '-'}}",การจำนองติดไป,399970,21-03-2567,"['https://asset.led.go.th/PPKPicture/2567/02-2567/21/8884p.jpg', 'https://asset.led.go.th/PPKPicture/2567/02-2567/21/8884j.jpg']",https://asset.led.go.th/newbid-old/asset_open.asp?law_suit_no=%BC%BAE.1525&law_suit_year=2564&deed_no=8884&addrno=371/64,44/1,,,20240611,-,"['20240521', '20240611', '20240702', '20240723', '20240813', '20240903']",2,1,359973,https://asset.led.go.th/PPKPicture/2567/02-2567/21/8884p.jpg,https://asset.led.go.th/PPKPicture/2567/02-2567/21/8884j.jpg,2024-06-03
4 - 1,ผบE.50/2566,ที่ดินพร้อมสิ่งปลูกสร้าง,0,0,85.6,961960.0,หนองม่วง,หนองม่วง,ลพบุรี,19564,10000,"{'1': {'date': '23/04/2567', 'sta': 'งดขายไม่มีผู้สู้ราคา'}, '2': {'date': '14/05/2567', 'sta': 'งดขายไม่มีผู้สู้ราคา'}, '3': {'date': '04/06/2567', 'sta': '-'}, '4': {'date': '25/06/2567', 'sta': '-'}, '5': {'date': '16/07/2567', 'sta': '-'}, '6': {'date': '06/08/2567', 'sta': '-'}}",การจำนองติดไป,961960,23-02-2567,"['https://asset.led.go.th/PPKPicture/2567/01-2567/25/19564p.jpg', 'https://asset.led.go.th/PPKPicture/2567/01-2567/25/19564j.jpg']","https://asset.led.go.th/newbid-old/asset_open.asp?law_suit_no=%BC%BAE.50&law_suit_year=2566&deed_no=19564&addrno=99/11,%E4%C1%E8%BB%C3%D2%A1%AF%E0%C5%A2%B7%D0%E0%BA%D5%C2%B9",45/1,,,20240604,-,"['20240423', '20240514', '20240604', '20240625', '20240716', '20240806']",3,2,769568,https://asset.led.go.th/PPKPicture/2567/01-2567/25/19564p.jpg,https://asset.led.go.th/PPKPicture/2567/01-2567/25/19564j.jpg,2024-06-03
4 - 1,ผบE.218/2566,ที่ดินพร้อมสิ่งปลูกสร้าง,0,0,21.0,2092600.0,ท่าศาลา,เมืองลพบุรี,ลพบุรี,21863,150000,"{'1': {'date': '02/07/2567', 'sta': '-'}, '2': {'date': '23/07/2567', 'sta': '-'}, '3': {'date': '13/08/2567', 'sta': '-'}, '4': {'date': '03/09/2567', 'sta': '-'}, '5': {'date': '24/09/2567', 'sta': '-'}, '6': {'date': '15/10/2567', 'sta': '-'}}",ปลอดการจำนอง,2092600,02-05-2567,"['https://asset.led.go.th/PPKPicture/2567/04-2567/05/21863p.jpg', 'https://asset.led.go.th/PPKPicture/2567/04-2567/05/21863j.jpg']",https://asset.led.go.th/newbid-old/asset_open.asp?law_suit_no=%BC%BAE.218&law_suit_year=2566&deed_no=21863&addrno=95/7,46/1,,,20240702,-,"['20240702', '20240723', '20240813', '20240903', '20240924', '20241015']",1,0,2092600,https://asset.led.go.th/PPKPicture/2567/04-2567/05/21863p.jpg,https://asset.led.go.th/PPKPicture/2567/04-2567/05/21863j.jpg,2024-06-03
4 - 1,ผบ.1644/2563,ที่ดินพร้อมสิ่งปลูกสร้าง,0,0,24.0,307680.0,โพธิ์เก้าต้น,เมืองลพบุรี,ลพบุรี,57138,5000,"{'1': {'date': '19/03/2567', 'sta': 'งดขายไม่มีผู้สู้ราคา'}, '2': {'date': '09/04/2567', 'sta': 'งดขายไม่มีผู้สู้ราคา'}, '3': {'date': '30/04/2567', 'sta': 'งดขายไม่มีผู้สู้ราคา'}, '4': {'date': '21/05/2567', 'sta': 'งดขายไม่มีผู้สู้ราคา'}, '5': {'date': '11/06/2567', 'sta': '-'}, '6': {'date': '02/07/2567', 'sta': '-'}}",การจำนองติดไป,307680,19-01-2567,"['https://asset.led.go.th/PPKPicture/2566/12-2566/20/57138p.jpg', 'https://asset.led.go.th/PPKPicture/2566/12-2566/20/57138j.jpg']",https://asset.led.go.th/newbid-old/asset_open.asp?law_suit_no=%BC%BA.1644&law_suit_year=2563&deed_no=57138&addrno=200/30,47/1,,,20240611,-,"['20240319', '20240409', '20240430', '20240521', '20240611', '20240702']",5,3,215376,https://asset.led.go.th/PPKPicture/2566/12-2566/20/57138p.jpg,https://asset.led.go.th/PPKPicture/2566/12-2566/20/57138j.jpg,2024-06-03
4 - 1,ผบ.2233/2556,ที่ดินพร้อมสิ่งปลูกสร้าง,0,0,55.0,1143245.0,โคกสลุง,พัฒนานิคม,ลพบุรี,12015,150000,"{'1': {'date': '30/07/2567', 'sta': '-'}, '2': {'date': '20/08/2567', 'sta': '-'}, '3': {'date': '10/09/2567', 'sta': '-'}, '4': {'date': '01/10/2567', 'sta': '-'}, '5': {'date': '22/10/2567', 'sta': '-'}, '6': {'date': '12/11/2567', 'sta': '-'}}",ปลอดการจำนอง,1143245,30-05-2567,"['https://asset.led.go.th/PPKPicture/2567/05-2567/01/12015p.jpg', 'https://asset.led.go.th/PPKPicture/2567/05-2567/01/12015j.jpg']","https://asset.led.go.th/newbid-old/asset_open.asp?law_suit_no=%BC%BA.2233&law_suit_year=2556&deed_no=12015&addrno=41/1,%20%E4%C1%E8%BB%C3%D2%A1%AF%E0%C5%A2%B7%D0%E0%BA%D5%C2%B9",48/1,,,20240730,-,"['20240730', '20240820', '20240910', '20241001', '20241022', '20241112']",1,0,1143245,https://asset.led.go.th/PPKPicture/2567/05-2567/01/12015p.jpg,https://asset.led.go.th/PPKPicture/2567/05-2567/01/12015j.jpg,2024-06-03
4 - 1,ผบE.130/2565,ที่ดินพร้อมสิ่งปลูกสร้าง,0,0,70.0,506800.0,หัวสำโรง,ท่าวุ้ง,ลพบุรี,24168,50000,"{'1': {'date': '18/06/2567', 'sta': '-'}, '2': {'date': '09/07/2567', 'sta': '-'}, '3': {'date': '30/07/2567', 'sta': '-'}, '4': {'date': '20/08/2567', 'sta': '-'}, '5': {'date': '10/09/2567', 'sta': '-'}, '6': {'date': '01/10/2567', 'sta': '-'}}",ปลอดภาระผูกพัน,506800,18-04-2567,"['https://asset.led.go.th/PPKPicture/2567/03-2567/22/24168p.jpg', 'https://asset.led.go.th/PPKPicture/2567/03-2567/22/24168j.jpg']",https://asset.led.go.th/newbid-old/asset_open.asp?law_suit_no=%BC%BAE.130&law_suit_year=2565&deed_no=24168&addrno=%E4%C1%E8%BB%C3%D2%A1%AF%E0%C5%A2%B7%D0%E0%BA%D5%C2%B9,1/2,,,20240618,-,"['20240618', '20240709', '20240730', '20240820', '20240910', '20241001']",1,0,506800,https://asset.led.go.th/PPKPicture/2567/03-2567/22/24168p.jpg,https://asset.led.go.th/PPKPicture/2567/03-2567/22/24168j.jpg,2024-06-03
4 - 1,ผบ.4656/2562,ที่ดินพร้อมสิ่งปลูกสร้าง,0,0,20.0,229400.0,วังขอนขว้าง,โคกสำโรง,ลพบุรี,39429,5000,"{'1': {'date': '16/07/2567', 'sta': '-'}, '2': {'date': '06/08/2567', 'sta': '-'}, '3': {'date': '27/08/2567', 'sta': '-'}, '4': {'date': '17/09/2567', 'sta': '-'}, '5': {'date': '08/10/2567', 'sta': '-'}, '6': {'date': '29/10/2567', 'sta': '-'}}",การจำนองติดไป,229400,16-05-2567,"['https://asset.led.go.th/PPKPicture/2567/04-2567/19/39429p.jpg', 'https://asset.led.go.th/PPKPicture/2567/04-2567/19/39429j.jpg']",https://asset.led.go.th/newbid-old/asset_open.asp?law_suit_no=%BC%BA.4656&law_suit_year=2562&deed_no=39429&addrno=%E4%C1%E8%BB%C3%D2%A1%AF%E0%C5%A2%B7%D0%E0%BA%D5%C2%B9,50/1,,,20240716,-,"['20240716', '20240806', '20240827', '20240917', '20241008', '20241029']",1,0,229400,https://asset.led.go.th/PPKPicture/2567/04-2567/19/39429p.jpg,https://asset.led.go.th/PPKPicture/2567/04-2567/19/39429j.jpg,2024-06-03
4 - 1,ผบE.130/2565,ที่ดินพร้อมสิ่งปลูกสร้าง,0,0,70.0,506800.0,หัวสำโรง,ท่าวุ้ง,ลพบุรี,24168,50000,"{'1': {'date': '18/06/2567', 'sta': '-'}, '2': {'date': '09/07/2567', 'sta': '-'}, '3': {'date': '30/07/2567', 'sta': '-'}, '4': {'date': '20/08/2567', 'sta': '-'}, '5': {'date': '10/09/2567', 'sta': '-'}, '6': {'date': '01/10/2567', 'sta': '-'}}",ปลอดภาระผูกพัน,506800,18-04-2567,"['https://asset.led.go.th/PPKPicture/2567/03-2567/22/24168p.jpg', 'https://asset.led.go.th/PPKPicture/2567/03-2567/22/24168j.jpg']",https://asset.led.go.th/newbid-old/asset_open.asp?law_suit_no=%BC%BAE.130&law_suit_year=2565&deed_no=24168&addrno=%E4%C1%E8%BB%C3%D2%A1%AF%E0%C5%A2%B7%D0%E0%BA%D5%C2%B9,1/2,,,20240618,-,"['20240618', '20240709', '20240730', '20240820', '20240910', '20241001']",1,0,506800,https://asset.led.go.th/PPKPicture/2567/03-2567/22/24168p.jpg,https://asset.led.go.th/PPKPicture/2567/03-2567/22/24168j.jpg,2024-06-03
4 - 1,ผบ.572/2557,ที่ดินพร้อมสิ่งปลูกสร้าง,0,0,71.0,257910.0,โคกกะเทียม,เมืองลพบุรี,ลพบุรี,71714,25000,"{'1': {'date': '20/02/2567', 'sta': 'ถอนการยึด'}, '2': {'date': '12/03/2567', 'sta': 'ถอนการยึด'}, '3': {'date': '02/04/2567', 'sta': 'ถอนการยึด'}, '4': {'date': '23/04/2567', 'sta': 'ถอนการยึด'}, '5': {'date': '14/05/2567', 'sta': 'ถอนการยึด'}, '6': {'date': '04/06/2567', 'sta': 'ถอนการยึด'}}",ปลอดภาระผูกพัน,257910,20-12-2566,"['https://asset.led.go.th/PPKPicture/2566/11-2566/22/71714p.jpg', 'https://asset.led.go.th/PPKPicture/2566/11-2566/22/71714j.jpg']",https://asset.led.go.th/newbid-old/asset_open.asp?law_suit_no=%BC%BA.572&law_suit_year=2557&deed_no=71714&addrno=%E4%C1%E8%BB%C3%D2%A1%AF%E0%C5%A2%B7%D0%E0%BA%D5%C2%B9,2/2,,,20240604,ถอนการยึด,"['20240220', '20240312', '20240402', '20240423', '20240514', '20240604']",6,0,257910,https://asset.led.go.th/PPKPicture/2566/11-2566/22/71714p.jpg,https://asset.led.go.th/PPKPicture/2566/11-2566/22/71714j.jpg,2024-06-03
4 - 1,ผบ.329/2565,ที่ดินว่างเปล่า,0,0,70.0,49000.0,นิคมสร้างตนเอง,เมืองลพบุรี,ลพบุรี,44933,3000,"{'1': {'date': '04/06/2567', 'sta': '-'}, '2': {'date': '25/06/2567', 'sta': '-'}, '3': {'date': '16/07/2567', 'sta': '-'}, '4': {'date': '06/08/2567', 'sta': '-'}, '5': {'date': '27/08/2567', 'sta': '-'}, '6': {'date': '17/09/2567', 'sta': '-'}}",ปลอดภาระผูกพัน,49000,04-04-2567,"['https://asset.led.go.th/PPKPicture/2567/03-2567/07/44933p.jpg', 'https://asset.led.go.th/PPKPicture/2567/03-2567/07/44933j.jpg']",https://asset.led.go.th/newbid-old/asset_open.asp?law_suit_no=%BC%BA.329&law_suit_year=2565&deed_no=44933&addrno=-,3/2,,,20240604,-,"['20240604', '20240625', '20240716', '20240806', '20240827', '20240917']",1,0,49000,https://asset.led.go.th/PPKPicture/2567/03-2567/07/44933p.jpg,https://asset.led.go.th/PPKPicture/2567/03-2567/07/44933j.jpg,2024-06-03
4 - 1,ผบ.3516/2557,ที่ดินว่างเปล่า,1,0,0.0,300000.0,โคกตูม,เมืองลพบุรี,ลพบุรี,103609,25000,"{'1': {'date': '09/04/2567', 'sta': 'ถอนการยึด'}, '2': {'date': '30/04/2567', 'sta': 'ถอนการยึด'}, '3': {'date': '21/05/2567', 'sta': 'ถอนการยึด'}, '4': {'date': '11/06/2567', 'sta': 'ถอนการยึด'}, '5': {'date': '02/07/2567', 'sta': 'ถอนการยึด'}, '6': {'date': '23/07/2567', 'sta': 'ถอนการยึด'}}",ปลอดภาระผูกพัน,300000,09-02-2567,"['https://asset.led.go.th/PPKPicture/2567/01-2567/10/103609p.jpg', 'https://asset.led.go.th/PPKPicture/2567/01-2567/10/103609j.jpg']",https://asset.led.go.th/newbid-old/asset_open.asp?law_suit_no=%BC%BA.3516&law_suit_year=2557&deed_no=103609&addrno=-,4/2,,,20240611,ถอนการยึด,"['20240409', '20240430', '20240521', '20240611', '20240702', '20240723']",4,0,300000,https://asset.led.go.th/PPKPicture/2567/01-2567/10/103609p.jpg,https://asset.led.go.th/PPKPicture/2567/01-2567/10/103609j.jpg,2024-06-03
4 - 1,ผบE.218/2566,ที่ดินพร้อมสิ่งปลูกสร้าง,0,0,20.0,2092600.0,ท่าศาลา,เมืองลพบุรี,ลพบุรี,54542,150000,"{'1': {'date': '02/07/2567', 'sta': '-'}, '2': {'date': '23/07/2567', 'sta': '-'}, '3': {'date': '13/08/2567', 'sta': '-'}, '4': {'date': '03/09/2567', 'sta': '-'}, '5': {'date': '24/09/2567', 'sta': '-'}, '6': {'date': '15/10/2567', 'sta': '-'}}",ปลอดการจำนอง,2092600,02-05-2567,"['https://asset.led.go.th/PPKPicture/2567/04-2567/05/21863p.jpg', 'https://asset.led.go.th/PPKPicture/2567/04-2567/05/21863j.jpg']",https://asset.led.go.th/newbid-old/asset_open.asp?law_suit_no=%BC%BAE.218&law_suit_year=2566&deed_no=54542&addrno=95/6,5/2,,,20240702,-,"['20240702', '20240723', '20240813', '20240903', '20240924', '20241015']",1,0,2092600,https://asset.led.go.th/PPKPicture/2567/04-2567/05/21863p.jpg,https://asset.led.go.th/PPKPicture/2567/04-2567/05/21863j.jpg,2024-06-03
4 - 2,ผบ.329/2565,ที่ดินว่างเปล่า,0,0,70.0,49000.0,นิคมสร้างตนเอง,เมืองลพบุรี,ลพบุรี,44934,3000,"{'1': {'date': '04/06/2567', 'sta': '-'}, '2': {'date': '25/06/2567', 'sta': '-'}, '3': {'date': '16/07/2567', 'sta': '-'}, '4': {'date': '06/08/2567', 'sta': '-'}, '5': {'date': '27/08/2567', 'sta': '-'}, '6': {'date': '17/09/2567', 'sta': '-'}}",ปลอดภาระผูกพัน,49000,04-04-2567,"['https://asset.led.go.th/PPKPicture/2567/03-2567/07/44934p.jpg', 'https://asset.led.go.th/PPKPicture/2567/03-2567/07/44934j.jpg']",https://asset.led.go.th/newbid-old/asset_open.asp?law_suit_no=%BC%BA.329&law_suit_year=2565&deed_no=44934&addrno=-,6/2,,,20240604,-,"['20240604', '20240625', '20240716', '20240806', '20240827', '20240917']",1,0,49000,https://asset.led.go.th/PPKPicture/2567/03-2567/07/44934p.jpg,https://asset.led.go.th/PPKPicture/2567/03-2567/07/44934j.jpg,2024-06-03
5 - 1,ผบE.972/2566,ที่ดินพร้อมสิ่งปลูกสร้าง,0,0,51.4,717400.0,ช่องสาริกา,พัฒนานิคม,ลพบุรี,31469,50000,"{'1': {'date': '04/06/2567', 'sta': '-'}, '2': {'date': '25/06/2567', 'sta': '-'}, '3': {'date': '16/07/2567', 'sta': '-'}, '4': {'date': '06/08/2567', 'sta': '-'}, '5': {'date': '27/08/2567', 'sta': '-'}, '6': {'date': '17/09/2567', 'sta': '-'}}",ปลอดการจำนอง,717400,04-04-2567,"['https://asset.led.go.th/PPKPicture/2567/03-2567/07/31469p.jpg', 'https://asset.led.go.th/PPKPicture/2567/03-2567/07/31469j.jpg']",https://asset.led.go.th/newbid-old/asset_open.asp?law_suit_no=%BC%BAE.972&law_suit_year=2566&deed_no=31469&addrno=368/33,7/2,,,20240604,-,"['20240604', '20240625', '20240716', '20240806', '20240827', '20240917']",1,0,717400,https://asset.led.go.th/PPKPicture/2567/03-2567/07/31469p.jpg,https://asset.led.go.th/PPKPicture/2567/03-2567/07/31469j.jpg,2024-06-03
5 - 1,ผบ.114/2562,ที่ดินพร้อมสิ่งปลูกสร้าง,0,0,21.0,329700.0,เขาพระงาม,เมืองลพบุรี,ลพบุรี,85231,5000,"{'1': {'date': '21/05/2567', 'sta': 'งดขายไม่มีผู้สู้ราคา'}, '2': {'date': '11/06/2567', 'sta': '-'}, '3': {'date': '02/07/2567', 'sta': '-'}, '4': {'date': '23/07/2567', 'sta': '-'}, '5': {'date': '13/08/2567', 'sta': '-'}, '6': {'date': '03/09/2567', 'sta': '-'}}",การจำนองติดไป,329700,21-03-2567,"['https://asset.led.go.th/PPKPicture/2567/02-2567/21/85231p.jpg', 'https://asset.led.go.th/PPKPicture/2567/02-2567/21/85231j.jpg']",https://asset.led.go.th/newbid-old/asset_open.asp?law_suit_no=%BC%BA.114&law_suit_year=2562&deed_no=85231&addrno=117/4,8/2,,,20240611,-,"['20240521', '20240611', '20240702', '20240723', '20240813', '20240903']",2,1,296730,https://asset.led.go.th/PPKPicture/2567/02-2567/21/85231p.jpg,https://asset.led.go.th/PPKPicture/2567/02-2567/21/85231j.jpg,2024-06-03
5 - 1,ผบE.588/2565,ที่ดินพร้อมสิ่งปลูกสร้าง,0,0,26.0,762500.0,ทะเลชุบศร,เมืองลพบุรี,ลพบุรี,51285,50000,"{'1': {'date': '23/04/2567', 'sta': 'งดขายไม่มีผู้สู้ราคา'}, '2': {'date': '14/05/2567', 'sta': 'ขายได้'}, '3': {'date': '04/06/2567', 'sta': 'ขายได้'}, '4': {'date': '25/06/2567', 'sta': 'ขายได้'}, '5': {'date': '16/07/2567', 'sta': 'ขายได้'}, '6': {'date': '06/08/2567', 'sta': 'ขายได้'}}",ปลอดการจำนอง,762500,23-02-2567,"['https://asset.led.go.th/PPKPicture/2567/01-2567/25/51285p.jpg', 'https://asset.led.go.th/PPKPicture/2567/01-2567/25/51285j.jpg']",https://asset.led.go.th/newbid-old/asset_open.asp?law_suit_no=%BC%BAE.588&law_suit_year=2565&deed_no=51285&addrno=100/13,9/2,,,20240604,ขายได้,"['20240423', '20240514', '20240604', '20240625', '20240716', '20240806']",3,1,686250,https://asset.led.go.th/PPKPicture/2567/01-2567/25/51285p.jpg,https://asset.led.go.th/PPKPicture/2567/01-2567/25/51285j.jpg,2024-06-03
5 - 1,ผบE.37/2564,ที่ดินพร้อมสิ่งปลูกสร้าง,0,0,98.8,622640.0,โคกสลุง,พัฒนานิคม,ลพบุรี,26044,50000,"{'1': {'date': '05/03/2567', 'sta': 'งดขายไม่มีผู้สู้ราคา'}, '2': {'date': '26/03/2567', 'sta': 'ถอนการบังคับคดี'}, '3': {'date': '12/04/2567', 'sta': 'ถอนการบังคับคดี'}, '4': {'date': '07/05/2567', 'sta': 'ถอนการบังคับคดี'}, '5': {'date': '28/05/2567', 'sta': 'ถอนการบังคับคดี'}, '6': {'date': '18/06/2567', 'sta': 'ถอนการบังคับคดี'}}",ปลอดภาระผูกพัน,622640,05-01-2567,"['https://asset.led.go.th/PPKPicture/2566/12-2566/06/26044p.jpg', 'https://asset.led.go.th/PPKPicture/2566/12-2566/06/26044j.jpg']",https://asset.led.go.th/newbid-old/asset_open.asp?law_suit_no=%BC%BAE.37&law_suit_year=2564&deed_no=26044&addrno=%E4%C1%E8%BB%C3%D2%A1%AF%E0%C5%A2%B7%D0%E0%BA%D5%C2%B9,10/2,,,20240618,ถอนการบังคับคดี,"['20240305', '20240326', '20240412', '20240507', '20240528', '20240618']",6,1,560376,https://asset.led.go.th/PPKPicture/2566/12-2566/06/26044p.jpg,https://asset.led.go.th/PPKPicture/2566/12-2566/06/26044j.jpg,2024-06-03
5 - 1,ผบ.832/2563,ที่ดินพร้อมสิ่งปลูกสร้าง,0,0,84.0,1041600.0,บางขันหมาก,เมืองลพบุรี,ลพบุรี,20/17 ม.8,150000,"{'1': {'date': '07/05/2567', 'sta': 'งดขายไม่มีผู้สู้ราคา'}, '2': {'date': '28/05/2567', 'sta': 'งดขายไม่มีผู้สู้ราคา'}, '3': {'date': '18/06/2567', 'sta': '-'}, '4': {'date': '09/07/2567', 'sta': '-'}, '5': {'date': '30/07/2567', 'sta': '-'}, '6': {'date': '20/08/2567', 'sta': '-'}}",ปลอดการจำนอง,1041600,07-03-2567,"['https://asset.led.go.th/PPKPicture/2567/02-2567/06/20-17p.jpg', 'https://asset.led.go.th/PPKPicture/2567/02-2567/06/20-17j.jpg']",https://asset.led.go.th/newbid-old/asset_open.asp?law_suit_no=%BC%BA.832&law_suit_year=2563&deed_no=20/17%20%C1.8&addrno=154,11/2,,,20240618,-,"['20240507', '20240528', '20240618', '20240709', '20240730', '20240820']",3,2,833280,https://asset.led.go.th/PPKPicture/2567/02-2567/06/20-17p.jpg,https://asset.led.go.th/PPKPicture/2567/02-2567/06/20-17j.jpg,2024-06-03
5 - 1,ผบ.5471/2562,ที่ดินพร้อมสิ่งปลูกสร้าง,0,0,72.0,269760.0,เพนียด,โคกสำโรง,ลพบุรี,9430,25000,"{'1': {'date': '16/07/2567', 'sta': '-'}, '2': {'date': '06/08/2567', 'sta': '-'}, '3': {'date': '27/08/2567', 'sta': '-'}, '4': {'date': '17/09/2567', 'sta': '-'}, '5': {'date': '08/10/2567', 'sta': '-'}, '6': {'date': '29/10/2567', 'sta': '-'}}",ปลอดภาระผูกพัน,269760,16-05-2567,"['https://asset.led.go.th/PPKPicture/2567/04-2567/19/9430p.jpg', 'https://asset.led.go.th/PPKPicture/2567/04-2567/19/9430j.jpg']",https://asset.led.go.th/newbid-old/asset_open.asp?law_suit_no=%BC%BA.5471&law_suit_year=2562&deed_no=9430&addrno=%E4%C1%E8%BB%C3%D2%A1%AF%E0%C5%A2%B7%D0%E0%BA%D5%C2%B9,12/2,,,20240716,-,"['20240716', '20240806', '20240827', '20240917', '20241008', '20241029']",1,0,269760,https://asset.led.go.th/PPKPicture/2567/04-2567/19/9430p.jpg,https://asset.led.go.th/PPKPicture/2567/04-2567/19/9430j.jpg,2024-06-03
5 - 1,ผบ.3291/2563,ที่ดินว่างเปล่า,0,1,21.0,72600.0,หัวสำโรง,ท่าวุ้ง,ลพบุรี,26816,5000,"{'1': {'date': '18/06/2567', 'sta': '-'}, '2': {'date': '09/07/2567', 'sta': '-'}, '3': {'date': '30/07/2567', 'sta': '-'}, '4': {'date': '20/08/2567', 'sta': '-'}, '5': {'date': '10/09/2567', 'sta': '-'}, '6': {'date': '01/10/2567', 'sta': '-'}}",ปลอดภาระผูกพัน,72600,18-04-2567,"['https://asset.led.go.th/PPKPicture/2567/03-2567/22/26816p.jpg', 'https://asset.led.go.th/PPKPicture/2567/03-2567/22/26816j.jpg']",https://asset.led.go.th/newbid-old/asset_open.asp?law_suit_no=%BC%BA.3291&law_suit_year=2563&deed_no=26816&addrno=-,13/2,,,20240618,-,"['20240618', '20240709', '20240730', '20240820', '20240910', '20241001']",1,0,72600,https://asset.led.go.th/PPKPicture/2567/03-2567/22/26816p.jpg,https://asset.led.go.th/PPKPicture/2567/03-2567/22/26816j.jpg,2024-06-03
5 - 1,ผบE.2920/2565,ที่ดินพร้อมสิ่งปลูกสร้าง,0,0,30.0,672000.0,กกโก,เมืองลพบุรี,ลพบุรี,47546,5000,"{'1': {'date': '09/04/2567', 'sta': 'งดขายไม่มีผู้สู้ราคา'}, '2': {'date': '30/04/2567', 'sta': 'งดขายไม่มีผู้สู้ราคา'}, '3': {'date': '21/05/2567', 'sta': 'งดขายไม่มีผู้สู้ราคา'}, '4': {'date': '11/06/2567', 'sta': '-'}, '5': {'date': '02/07/2567', 'sta': '-'}, '6': {'date': '23/07/2567', 'sta': '-'}}",การจำนองติดไป,672000,09-02-2567,"['https://asset.led.go.th/PPKPicture/2567/01-2567/10/47546p.jpg', 'https://asset.led.go.th/PPKPicture/2567/01-2567/10/47546j.jpg']",https://asset.led.go.th/newbid-old/asset_open.asp?law_suit_no=%BC%BAE.2920&law_suit_year=2565&deed_no=47546&addrno=107/8,14/2,,,20240611,-,"['20240409', '20240430', '20240521', '20240611', '20240702', '20240723']",4,3,470399,https://asset.led.go.th/PPKPicture/2567/01-2567/10/47546p.jpg,https://asset.led.go.th/PPKPicture/2567/01-2567/10/47546j.jpg,2024-06-03
5 - 1,ผบ.294/2558,ที่ดินว่างเปล่า,7,0,92.2,867660.0,โคกลำพาน,เมืองลพบุรี,ลพบุรี,96763,25000,"{'1': {'date': '30/07/2567', 'sta': '-'}, '2': {'date': '20/08/2567', 'sta': '-'}, '3': {'date': '10/09/2567', 'sta': '-'}, '4': {'date': '01/10/2567', 'sta': '-'}, '5': {'date': '22/10/2567', 'sta': '-'}, '6': {'date': '12/11/2567', 'sta': '-'}}",การจำนองติดไป,867660,30-05-2567,"['https://asset.led.go.th/PPKPicture/2567/05-2567/01/96763p.jpg', 'https://asset.led.go.th/PPKPicture/2567/05-2567/01/96763j.jpg']",https://asset.led.go.th/newbid-old/asset_open.asp?law_suit_no=%BC%BA.294&law_suit_year=2558&deed_no=96763&addrno=-,15/2,,,20240730,-,"['20240730', '20240820', '20240910', '20241001', '20241022', '20241112']",1,0,867660,https://asset.led.go.th/PPKPicture/2567/05-2567/01/96763p.jpg,https://asset.led.go.th/PPKPicture/2567/05-2567/01/96763j.jpg,2024-06-03
5 - 1,ผบ.899/2561,ที่ดินว่างเปล่า,0,1,10.0,33000.0,วังเพลิง,โคกสำโรง,ลพบุรี,40613,3000,"{'1': {'date': '02/07/2567', 'sta': '-'}, '2': {'date': '23/07/2567', 'sta': '-'}, '3': {'date': '13/08/2567', 'sta': '-'}, '4': {'date': '03/09/2567', 'sta': '-'}, '5': {'date': '24/09/2567', 'sta': '-'}, '6': {'date': '15/10/2567', 'sta': '-'}}",ปลอดการจำนอง,33000,02-05-2567,"['https://asset.led.go.th/PPKPicture/2567/04-2567/05/40613p.jpg', 'https://asset.led.go.th/PPKPicture/2567/04-2567/05/40613j.jpg']",https://asset.led.go.th/newbid-old/asset_open.asp?law_suit_no=%BC%BA.899&law_suit_year=2561&deed_no=40613&addrno=-,16/2,,,20240702,-,"['20240702', '20240723', '20240813', '20240903', '20240924', '20241015']",1,0,33000,https://asset.led.go.th/PPKPicture/2567/04-2567/05/40613p.jpg,https://asset.led.go.th/PPKPicture/2567/04-2567/05/40613j.jpg,2024-06-03
5 - 1,ผบ.2157/2557,ที่ดินพร้อมสิ่งปลูกสร้าง,1,0,0.0,605200.0,หนองเต่า,บ้านหมี่,ลพบุรี,47032,5000,"{'1': {'date': '20/02/2567', 'sta': 'ถอนการยึด'}, '2': {'date': '12/03/2567', 'sta': 'ถอนการยึด'}, '3': {'date': '02/04/2567', 'sta': 'ถอนการยึด'}, '4': {'date': '23/04/2567', 'sta': 'ถอนการยึด'}, '5': {'date': '14/05/2567', 'sta': 'ถอนการยึด'}, '6': {'date': '04/06/2567', 'sta': 'ถอนการยึด'}}",การจำนองติดไป,605200,20-12-2566,"['https://asset.led.go.th/PPKPicture/2566/11-2566/22/47032p.jpg', 'https://asset.led.go.th/PPKPicture/2566/11-2566/22/47032j.jpg']",https://asset.led.go.th/newbid-old/asset_open.asp?law_suit_no=%BC%BA.2157&law_suit_year=2557&deed_no=47032&addrno=%E4%C1%E8%BB%C3%D2%A1%AF%E0%C5%A2%B7%D0%E0%BA%D5%C2%B9,17/2,,,20240604,ถอนการยึด,"['20240220', '20240312', '20240402', '20240423', '20240514', '20240604']",6,0,605200,https://asset.led.go.th/PPKPicture/2566/11-2566/22/47032p.jpg,https://asset.led.go.th/PPKPicture/2566/11-2566/22/47032j.jpg,2024-06-03
5 - 1,560/2543,ที่ดินว่างเปล่า,1,0,0.0,1200000.0,คลองเกตุ,โคกสำโรง,ลพบุรี,22249 (เดิม น.ส. 3 ก. เลขที่ 2890),5000,"{'1': {'date': '19/03/2567', 'sta': 'งดขายไม่มีผู้สู้ราคา'}, '2': {'date': '09/04/2567', 'sta': 'งดขายไม่มีผู้สู้ราคา'}, '3': {'date': '30/04/2567', 'sta': 'งดขายไม่มีผู้สู้ราคา'}, '4': {'date': '21/05/2567', 'sta': 'งดขายไม่มีผู้สู้ราคา'}, '5': {'date': '11/06/2567', 'sta': '-'}, '6': {'date': '02/07/2567', 'sta': '-'}}",ปลอดภาระผูกพัน,1200000,19-01-2567,"['https://asset.led.go.th/PPKPicture/2566/12-2566/20/22249p.jpg', 'https://asset.led.go.th/PPKPicture/2566/12-2566/20/22249j.jpg']",https://asset.led.go.th/newbid-old/asset_open.asp?law_suit_no=560&law_suit_year=2543&deed_no=22249%20(%E0%B4%D4%C1%20%B9.%CA.%203%20%A1.%20%E0%C5%A2%B7%D5%E8%202890)&addrno=-,18/2,,,20240611,-,"['20240319', '20240409', '20240430', '20240521', '20240611', '20240702']",5,3,840000,https://asset.led.go.th/PPKPicture/2566/12-2566/20/22249p.jpg,https://asset.led.go.th/PPKPicture/2566/12-2566/20/22249j.jpg,2024-06-03
5 - 2,560/2543,ที่ดินว่างเปล่า,0,2,0.0,600000.0,คลองเกตุ,โคกสำโรง,ลพบุรี,22157 (เดิม น.ส. 3 ก. เลขที่ 3018),10000,"{'1': {'date': '19/03/2567', 'sta': 'งดขายไม่มีผู้สู้ราคา'}, '2': {'date': '09/04/2567', 'sta': 'งดขายไม่มีผู้สู้ราคา'}, '3': {'date': '30/04/2567', 'sta': 'งดขายไม่มีผู้สู้ราคา'}, '4': {'date': '21/05/2567', 'sta': 'งดขายไม่มีผู้สู้ราคา'}, '5': {'date': '11/06/2567', 'sta': '-'}, '6': {'date': '02/07/2567', 'sta': '-'}}",ปลอดภาระผูกพัน,600000,19-01-2567,"['https://asset.led.go.th/PPKPicture/2566/12-2566/20/22157p.jpg', 'https://asset.led.go.th/PPKPicture/2566/12-2566/20/22157j.jpg']",https://asset.led.go.th/newbid-old/asset_open.asp?law_suit_no=560&law_suit_year=2543&deed_no=22157%20(%E0%B4%D4%C1%20%B9.%CA.%203%20%A1.%20%E0%C5%A2%B7%D5%E8%203018)&addrno=-,19/2,,,20240611,-,"['20240319', '20240409', '20240430', '20240521', '20240611', '20240702']",5,3,420000,https://asset.led.go.th/PPKPicture/2566/12-2566/20/22157p.jpg,https://asset.led.go.th/PPKPicture/2566/12-2566/20/22157j.jpg,2024-06-03
5 - 2,ผบ.294/2558,ที่ดินพร้อมสิ่งปลูกสร้าง,3,0,90.4,5105927.5,โคกลำพาน,เมืองลพบุรี,ลพบุรี,98057,500000,"{'1': {'date': '30/07/2567', 'sta': '-'}, '2': {'date': '20/08/2567', 'sta': '-'}, '3': {'date': '10/09/2567', 'sta': '-'}, '4': {'date': '01/10/2567', 'sta': '-'}, '5': {'date': '22/10/2567', 'sta': '-'}, '6': {'date': '12/11/2567', 'sta': '-'}}",ปลอดการจำนอง,5105927,30-05-2567,"['https://asset.led.go.th/PPKPicture/2567/05-2567/01/98057p.jpg', 'https://asset.led.go.th/PPKPicture/2567/05-2567/01/98057j.jpg']",https://asset.led.go.th/newbid-old/asset_open.asp?law_suit_no=%BC%BA.294&law_suit_year=2558&deed_no=98057&addrno=%E4%C1%E8%BB%C3%D2%A1%AF%E0%C5%A2%B7%D0%E0%BA%D5%C2%B9,20/2,,,20240730,-,"['20240730', '20240820', '20240910', '20241001', '20241022', '20241112']",1,0,5105927,https://asset.led.go.th/PPKPicture/2567/05-2567/01/98057p.jpg,https://asset.led.go.th/PPKPicture/2567/05-2567/01/98057j.jpg,2024-06-03
6 - 1,ผบE.4239/2565,ที่ดินพร้อมสิ่งปลูกสร้าง,0,0,18.0,207630.0,มุจลินท์,ท่าวุ้ง,ลพบุรี,30797,25000,"{'1': {'date': '21/05/2567', 'sta': 'งดขายไม่มีผู้สู้ราคา'}, '2': {'date': '11/06/2567', 'sta': '-'}, '3': {'date': '02/07/2567', 'sta': '-'}, '4': {'date': '23/07/2567', 'sta': '-'}, '5': {'date': '13/08/2567', 'sta': '-'}, '6': {'date': '03/09/2567', 'sta': '-'}}",ปลอดการจำนอง,207630,21-03-2567,"['https://asset.led.go.th/PPKPicture/2567/02-2567/21/30797p.jpg', 'https://asset.led.go.th/PPKPicture/2567/02-2567/21/30797j.jpg']",https://asset.led.go.th/newbid-old/asset_open.asp?law_suit_no=%BC%BAE.4239&law_suit_year=2565&deed_no=30797&addrno=35/1,21/2,,,20240611,-,"['20240521', '20240611', '20240702', '20240723', '20240813', '20240903']",2,1,186867,https://asset.led.go.th/PPKPicture/2567/02-2567/21/30797p.jpg,https://asset.led.go.th/PPKPicture/2567/02-2567/21/30797j.jpg,2024-06-03
6 - 1,ผบ.319/2565,ที่ดินพร้อมสิ่งปลูกสร้าง,0,2,0.0,189900.0,หนองบัว,พัฒนานิคม,ลพบุรี,24589,10000,"{'1': {'date': '04/06/2567', 'sta': '-'}, '2': {'date': '25/06/2567', 'sta': '-'}, '3': {'date': '16/07/2567', 'sta': '-'}, '4': {'date': '06/08/2567', 'sta': '-'}, '5': {'date': '27/08/2567', 'sta': '-'}, '6': {'date': '17/09/2567', 'sta': '-'}}",ปลอดภาระผูกพัน,189900,04-04-2567,"['https://asset.led.go.th/PPKPicture/2567/03-2567/07/24589p.jpg', 'https://asset.led.go.th/PPKPicture/2567/03-2567/07/24589j.jpg']",https://asset.led.go.th/newbid-old/asset_open.asp?law_suit_no=%BC%BA.319&law_suit_year=2565&deed_no=24589&addrno=%E4%C1%E8%BB%C3%D2%A1%AF%E0%C5%A2%B7%D0%E0%BA%D5%C2%B9,22/2,,,20240604,-,"['20240604', '20240625', '20240716', '20240806', '20240827', '20240917']",1,0,189900,https://asset.led.go.th/PPKPicture/2567/03-2567/07/24589p.jpg,https://asset.led.go.th/PPKPicture/2567/03-2567/07/24589j.jpg,2024-06-03
6 - 1,ผบ.444/2562,ที่ดินพร้อมสิ่งปลูกสร้าง,0,0,21.0,386250.0,หนองม่วง,หนองม่วง,ลพบุรี,119,25000,"{'1': {'date': '23/04/2567', 'sta': 'งดขายไม่มีผู้สู้ราคา'}, '2': {'date': '14/05/2567', 'sta': 'งดขายไม่มีผู้สู้ราคา'}, '3': {'date': '04/06/2567', 'sta': '-'}, '4': {'date': '25/06/2567', 'sta': '-'}, '5': {'date': '16/07/2567', 'sta': '-'}, '6': {'date': '06/08/2567', 'sta': '-'}}",การจำนองติดไป,386250,23-02-2567,"['https://asset.led.go.th/PPKPicture/2567/01-2567/25/119p.jpg', 'https://asset.led.go.th/PPKPicture/2567/01-2567/25/119j.jpg']",https://asset.led.go.th/newbid-old/asset_open.asp?law_suit_no=%BC%BA.444&law_suit_year=2562&deed_no=119&addrno=%E4%C1%E8%BB%C3%D2%A1%AF%E0%C5%A2%B7%D0%E0%BA%D5%C2%B9,23/2,,,20240604,-,"['20240423', '20240514', '20240604', '20240625', '20240716', '20240806']",3,2,309000,https://asset.led.go.th/PPKPicture/2567/01-2567/25/119p.jpg,https://asset.led.go.th/PPKPicture/2567/01-2567/25/119j.jpg,2024-06-03
6 - 1,ผบ.529/2558,ที่ดินว่างเปล่า,10,1,30.0,619500.0,บางขาม,บ้านหมี่(สนามแจง),ลพบุรี,6986,50000,"{'1': {'date': '07/05/2567', 'sta': 'ขายได้'}, '2': {'date': '28/05/2567', 'sta': 'ขายได้'}, '3': {'date': '18/06/2567', 'sta': 'ขายได้'}, '4': {'date': '09/07/2567', 'sta': 'ขายได้'}, '5': {'date': '30/07/2567', 'sta': 'ขายได้'}, '6': {'date': '20/08/2567', 'sta': 'ขายได้'}}",ปลอดการจำนอง,619500,07-03-2567,"['https://asset.led.go.th/PPKPicture/2567/02-2567/06/6986p.jpg', 'https://asset.led.go.th/PPKPicture/2567/02-2567/06/6986j.jpg']",https://asset.led.go.th/newbid-old/asset_open.asp?law_suit_no=%BC%BA.529&law_suit_year=2558&deed_no=6986&addrno=-,24/2,,,20240618,ขายได้,"['20240507', '20240528', '20240618', '20240709', '20240730', '20240820']",3,0,619500,https://asset.led.go.th/PPKPicture/2567/02-2567/06/6986p.jpg,https://asset.led.go.th/PPKPicture/2567/02-2567/06/6986j.jpg,2024-06-03
6 - 1,ผบ.3583/2557,ที่ดินพร้อมสิ่งปลูกสร้าง,0,0,26.2,491696.0,ท่าศาลา,เมืองลพบุรี,ลพบุรี,42521,5000,"{'1': {'date': '19/03/2567', 'sta': 'งดขายไม่มีผู้สู้ราคา'}, '2': {'date': '09/04/2567', 'sta': 'งดการบังคับคดี'}, '3': {'date': '30/04/2567', 'sta': 'งดการบังคับคดี'}, '4': {'date': '21/05/2567', 'sta': 'งดการบังคับคดี'}, '5': {'date': '11/06/2567', 'sta': 'งดการบังคับคดี'}, '6': {'date': '02/07/2567', 'sta': 'งดการบังคับคดี'}}",การจำนองติดไป,491696,19-01-2567,"['https://asset.led.go.th/PPKPicture/2566/12-2566/20/42521p.jpg', 'https://asset.led.go.th/PPKPicture/2566/12-2566/20/42521j.jpg']",https://asset.led.go.th/newbid-old/asset_open.asp?law_suit_no=%BC%BA.3583&law_suit_year=2557&deed_no=42521&addrno=221/19,25/2,,,20240611,งดการบังคับคดี,"['20240319', '20240409', '20240430', '20240521', '20240611', '20240702']",5,1,442526,https://asset.led.go.th/PPKPicture/2566/12-2566/20/42521p.jpg,https://asset.led.go.th/PPKPicture/2566/12-2566/20/42521j.jpg,2024-06-03
6 - 1,ผบE.3363/2565,ที่ดินพร้อมสิ่งปลูกสร้าง,0,0,25.3,371120.0,ห้วยโป่ง,โคกสำโรง,ลพบุรี,56832,5000,"{'1': {'date': '02/07/2567', 'sta': '-'}, '2': {'date': '23/07/2567', 'sta': '-'}, '3': {'date': '13/08/2567', 'sta': '-'}, '4': {'date': '03/09/2567', 'sta': '-'}, '5': {'date': '24/09/2567', 'sta': '-'}, '6': {'date': '15/10/2567', 'sta': '-'}}",การจำนองติดไป,371120,02-05-2567,"['https://asset.led.go.th/PPKPicture/2567/04-2567/05/56832p.jpg', 'https://asset.led.go.th/PPKPicture/2567/04-2567/05/56832j.jpg']","https://asset.led.go.th/newbid-old/asset_open.asp?law_suit_no=%BC%BAE.3363&law_suit_year=2565&deed_no=56832&addrno=99/43,%E4%C1%E8%BB%C3%D2%A1%AF%E0%C5%A2%B7%D0%E0%BA%D5%C2%B9",26/2,,,20240702,-,"['20240702', '20240723', '20240813', '20240903', '20240924', '20241015']",1,0,371120,https://asset.led.go.th/PPKPicture/2567/04-2567/05/56832p.jpg,https://asset.led.go.th/PPKPicture/2567/04-2567/05/56832j.jpg,2024-06-03
6 - 1,ผบ.622/2564,ที่ดินพร้อมสิ่งปลูกสร้าง,0,0,19.9,535370.0,กกโก,เมืองลพบุรี,ลพบุรี,59281,5000,"{'1': {'date': '30/07/2567', 'sta': '-'}, '2': {'date': '20/08/2567', 'sta': '-'}, '3': {'date': '10/09/2567', 'sta': '-'}, '4': {'date': '01/10/2567', 'sta': '-'}, '5': {'date': '22/10/2567', 'sta': '-'}, '6': {'date': '12/11/2567', 'sta': '-'}}",การจำนองติดไป,535370,30-05-2567,"['https://asset.led.go.th/PPKPicture/2567/05-2567/01/59281p.jpg', 'https://asset.led.go.th/PPKPicture/2567/05-2567/01/59281j.jpg']",https://asset.led.go.th/newbid-old/asset_open.asp?law_suit_no=%BC%BA.622&law_suit_year=2564&deed_no=59281&addrno=%E4%C1%E8%BB%C3%D2%A1%AF%E0%C5%A2%B7%D0%E0%BA%D5%C2%B9,27/2,,,20240730,-,"['20240730', '20240820', '20240910', '20241001', '20241022', '20241112']",1,0,535370,https://asset.led.go.th/PPKPicture/2567/05-2567/01/59281p.jpg,https://asset.led.go.th/PPKPicture/2567/05-2567/01/59281j.jpg,2024-06-03
6 - 1,ผบ.5853/2561,ที่ดินว่างเปล่า,0,0,60.0,90000.0,วังขอนขว้าง,โคกสำโรง,ลพบุรี,15143,5000,"{'1': {'date': '18/06/2567', 'sta': '-'}, '2': {'date': '09/07/2567', 'sta': '-'}, '3': {'date': '30/07/2567', 'sta': '-'}, '4': {'date': '20/08/2567', 'sta': '-'}, '5': {'date': '10/09/2567', 'sta': '-'}, '6': {'date': '01/10/2567', 'sta': '-'}}",ปลอดภาระผูกพัน,90000,18-04-2567,"['https://asset.led.go.th/PPKPicture/2567/03-2567/22/15143p.jpg', 'https://asset.led.go.th/PPKPicture/2567/03-2567/22/15143j.jpg']",https://asset.led.go.th/newbid-old/asset_open.asp?law_suit_no=%BC%BA.5853&law_suit_year=2561&deed_no=15143&addrno=-,28/2,,,20240618,-,"['20240618', '20240709', '20240730', '20240820', '20240910', '20241001']",1,0,90000,https://asset.led.go.th/PPKPicture/2567/03-2567/22/15143p.jpg,https://asset.led.go.th/PPKPicture/2567/03-2567/22/15143j.jpg,2024-06-03
6 - 1,ผบ.417/2563,ที่ดินพร้อมสิ่งปลูกสร้าง,0,0,29.0,393500.0,ทะเลชุบศร,เมืองลพบุรี,ลพบุรี,53631,5000,"{'1': {'date': '16/07/2567', 'sta': '-'}, '2': {'date': '06/08/2567', 'sta': '-'}, '3': {'date': '27/08/2567', 'sta': '-'}, '4': {'date': '17/09/2567', 'sta': '-'}, '5': {'date': '08/10/2567', 'sta': '-'}, '6': {'date': '29/10/2567', 'sta': '-'}}",การจำนองติดไป,393500,16-05-2567,"['https://asset.led.go.th/PPKPicture/2567/04-2567/19/53631p.jpg', 'https://asset.led.go.th/PPKPicture/2567/04-2567/19/53631j.jpg']","https://asset.led.go.th/newbid-old/asset_open.asp?law_suit_no=%BC%BA.417&law_suit_year=2563&deed_no=53631&addrno=%E4%C1%E8%BB%C3%D2%A1%AF%E0%C5%A2%B7%D0%E0%BA%D5%C2%B9,175/47",29/2,,,20240716,-,"['20240716', '20240806', '20240827', '20240917', '20241008', '20241029']",1,0,393500,https://asset.led.go.th/PPKPicture/2567/04-2567/19/53631p.jpg,https://asset.led.go.th/PPKPicture/2567/04-2567/19/53631j.jpg,2024-06-03
6 - 1,ผบ.11133/2559,ที่ดินพร้อมสิ่งปลูกสร้าง,0,0,27.0,401500.0,พัฒนานิคม,พัฒนานิคม,ลพบุรี,9947,5000,"{'1': {'date': '09/04/2567', 'sta': 'งดขายไม่มีผู้สู้ราคา'}, '2': {'date': '30/04/2567', 'sta': 'งดขายไม่มีผู้สู้ราคา'}, '3': {'date': '21/05/2567', 'sta': 'งดขายไม่มีผู้สู้ราคา'}, '4': {'date': '11/06/2567', 'sta': '-'}, '5': {'date': '02/07/2567', 'sta': '-'}, '6': {'date': '23/07/2567', 'sta': '-'}}",การจำนองติดไป,401500,09-02-2567,"['https://asset.led.go.th/PPKPicture/2567/01-2567/10/9947p.jpg', 'https://asset.led.go.th/PPKPicture/2567/01-2567/10/9947j.jpg']",https://asset.led.go.th/newbid-old/asset_open.asp?law_suit_no=%BC%BA.11133&law_suit_year=2559&deed_no=9947&addrno=371/112,30/2,,,20240611,-,"['20240409', '20240430', '20240521', '20240611', '20240702', '20240723']",4,3,281050,https://asset.led.go.th/PPKPicture/2567/01-2567/10/9947p.jpg,https://asset.led.go.th/PPKPicture/2567/01-2567/10/9947j.jpg,2024-06-03
