sell_order,case_id,type,size2,size1,size0,eva_price,tumbon,aumper,province,deed_number,pay_down,sell_table,status,max_price,announce_date,img,link,page,lat,lon,lastSta_date,lastSta_detail,bid_dates,bid_time,discount_factor,current_price,img0,img1,timestamp
1 - 1,ผบ.9/2566,ที่ดินพร้อมสิ่งปลูกสร้าง,0,0,16.0,525700.0,ระแหง,ลาดหลุมแก้ว,ปทุมธานี,17566,50000,"{'1': {'date': '26/09/2567', 'sta': 'ขายได้'}, '2': {'date': '17/10/2567', 'sta': 'ขายได้'}, '3': {'date': '07/11/2567', 'sta': 'ขายได้'}, '4': {'date': '28/11/2567', 'sta': 'ขายได้'}, '5': {'date': '19/12/2567', 'sta': 'ขายได้'}, '6': {'date': '09/01/2568', 'sta': 'ขายได้'}}",ปลอดการจำนอง,525700,08-08-2567,"['https://asset.led.go.th/PPKPicture/2567/07-2567/31/17566p.jpg', 'https://asset.led.go.th/PPKPicture/2567/07-2567/31/17566j.jpg']",https://asset.led.go.th/newbid-old/asset_open.asp?law_suit_no=%BC%BA.9&law_suit_year=2566&deed_no=17566&addrno=170/12,1/1,14.03518529,100.38501333,20250109,ขายได้,"['20240926', '20241017', '20241107', '20241128', '20241219', '20250109']",6,0,525700,https://asset.led.go.th/PPKPicture/2567/07-2567/31/17566p.jpg,https://asset.led.go.th/PPKPicture/2567/07-2567/31/17566j.jpg,2025-01-23
1 - 1,ผบE.1069/2567,ที่ดินพร้อมสิ่งปลูกสร้าง,0,0,20.0,791440.0,บางคูวัด,เมืองปทุมธานี,ปทุมธานี,43686,50000,"{'1': {'date': '26/12/2567', 'sta': '-'}, '2': {'date': '16/01/2568', 'sta': '-'}, '3': {'date': '06/02/2568', 'sta': '-'}, '4': {'date': '27/02/2568', 'sta': '-'}, '5': {'date': '20/03/2568', 'sta': '-'}, '6': {'date': '10/04/2568', 'sta': '-'}}",ปลอดการจำนอง,791440,11-11-2567,"['https://asset.led.go.th/PPKPicture/2567/10-2567/31/43686p.jpg', 'https://asset.led.go.th/PPKPicture/2567/10-2567/31/43686j.jpg']","https://asset.led.go.th/newbid-old/asset_open.asp?law_suit_no=%BC%BAE.1069&law_suit_year=2567&deed_no=43686&addrno=151/20,%20%20%E4%C1%E8%BB%C3%D2%A1%AF%E0%C5%A2%B7%D0%E0%BA%D5%C2%B9",2/1,,,20250206,-,"['20241226', '20250116', '20250206', '20250227', '20250320', '20250410']",3,0,791440,https://asset.led.go.th/PPKPicture/2567/10-2567/31/43686p.jpg,https://asset.led.go.th/PPKPicture/2567/10-2567/31/43686j.jpg,2025-01-23
1 - 1,ม.3/2557,ที่ดินพร้อมสิ่งปลูกสร้าง,0,0,23.0,1668440.0,บางปรอก(บางโพเหนือฝั่งใต้),เมืองปทุมธานี(เชียงราก),ปทุมธานี,24145,150000,"{'1': {'date': '28/11/2567', 'sta': '-'}, '2': {'date': '19/12/2567', 'sta': 'งดขายไม่มีผู้สู้ราคา'}, '3': {'date': '09/01/2568', 'sta': '-'}, '4': {'date': '30/01/2568', 'sta': '-'}, '5': {'date': '20/02/2568', 'sta': '-'}, '6': {'date': '13/03/2568', 'sta': '-'}}",ปลอดการจำนอง,1668440,08-10-2567,"['https://asset.led.go.th/PPKPicture/2567/09-2567/30/24145p.jpg', 'https://asset.led.go.th/PPKPicture/2567/09-2567/30/24145j.jpg']",https://asset.led.go.th/newbid-old/asset_open.asp?law_suit_no=%C1.3&law_suit_year=2557&deed_no=24145&addrno=%E4%C1%E8%BB%C3%D2%A1%AF%E0%C5%A2%B7%D0%E0%BA%D5%C2%B9,3/1,,,20250130,-,"['20241128', '20241219', '20250109', '20250130', '20250220', '20250313']",4,1,1501596,https://asset.led.go.th/PPKPicture/2567/09-2567/30/24145p.jpg,https://asset.led.go.th/PPKPicture/2567/09-2567/30/24145j.jpg,2025-01-23
1 - 1,ผบ.2738/2557,ที่ดินว่างเปล่า,3,3,35.0,3837500.0,หน้าไม้,ลาดหลุมแก้ว,ปทุมธานี,30533,250000,"{'1': {'date': '31/10/2567', 'sta': 'งดขายไม่มีผู้สู้ราคา'}, '2': {'date': '21/11/2567', 'sta': 'งดขายไม่มีผู้สู้ราคา'}, '3': {'date': '12/12/2567', 'sta': 'งดขายไม่มีผู้สู้ราคา'}, '4': {'date': '02/01/2568', 'sta': '-'}, '5': {'date': '23/01/2568', 'sta': '-'}, '6': {'date': '13/02/2568', 'sta': '-'}}",ปลอดภาระผูกพัน,3837500,14-09-2567,"['https://asset.led.go.th/PPKPicture/2567/09-2567/09/30533p.jpg', 'https://asset.led.go.th/PPKPicture/2567/09-2567/09/30533j.jpg']",https://asset.led.go.th/newbid-old/asset_open.asp?law_suit_no=%BC%BA.2738&law_suit_year=2557&deed_no=30533&addrno=-,4/1,14.04855538,100.35624815,20250123,-,"['20241031', '20241121', '20241212', '20250102', '20250123', '20250213']",5,3,2686250,https://asset.led.go.th/PPKPicture/2567/09-2567/09/30533p.jpg,https://asset.led.go.th/PPKPicture/2567/09-2567/09/30533j.jpg,2025-01-23
1 - 1,ผบE.1901/2567,ที่ดินพร้อมสิ่งปลูกสร้าง,0,0,38.6,1482128.0,บ้านใหม่,เมืองปทุมธานี,ปทุมธานี,94085,150000,"{'1': {'date': '30/01/2568', 'sta': '-'}, '2': {'date': '20/02/2568', 'sta': '-'}, '3': {'date': '13/03/2568', 'sta': '-'}, '4': {'date': '03/04/2568', 'sta': '-'}, '5': {'date': '24/04/2568', 'sta': '-'}, '6': {'date': '15/05/2568', 'sta': '-'}}",ปลอดการจำนอง,1482128,09-12-2567,"['https://asset.led.go.th/PPKPicture/2567/11-2567/28/94085p.jpg', 'https://asset.led.go.th/PPKPicture/2567/11-2567/28/94085j.jpg']",https://asset.led.go.th/newbid-old/asset_open.asp?law_suit_no=%BC%BAE.1901&law_suit_year=2567&deed_no=94085&addrno=107/128,5/1,,,20250130,-,"['20250130', '20250220', '20250313', '20250403', '20250424', '20250515']",1,0,1482128,https://asset.led.go.th/PPKPicture/2567/11-2567/28/94085p.jpg,https://asset.led.go.th/PPKPicture/2567/11-2567/28/94085j.jpg,2025-01-23
2 - 1,ผบ.83/2564,ที่ดินพร้อมสิ่งปลูกสร้าง,0,0,19.0,1033440.0,บางคูวัด(บางคูวัดใต้),เมืองปทุมธานี,ปทุมธานี,36468,150000,"{'1': {'date': '26/09/2567', 'sta': 'งดขายไม่มีผู้สู้ราคา'}, '2': {'date': '17/10/2567', 'sta': 'ขายได้'}, '3': {'date': '07/11/2567', 'sta': 'ขายได้'}, '4': {'date': '28/11/2567', 'sta': 'ขายได้'}, '5': {'date': '19/12/2567', 'sta': 'ขายได้'}, '6': {'date': '09/01/2568', 'sta': 'ขายได้'}}",ปลอดการจำนอง,1033440,08-08-2567,"['https://asset.led.go.th/PPKPicture/2567/07-2567/31/36468p.jpg', 'https://asset.led.go.th/PPKPicture/2567/07-2567/31/36468j.jpg']",https://asset.led.go.th/newbid-old/asset_open.asp?law_suit_no=%BC%BA.83&law_suit_year=2564&deed_no=36468&addrno=55/631,6/1,13.95068664,100.49244022,20250109,ขายได้,"['20240926', '20241017', '20241107', '20241128', '20241219', '20250109']",6,1,930096,https://asset.led.go.th/PPKPicture/2567/07-2567/31/36468p.jpg,https://asset.led.go.th/PPKPicture/2567/07-2567/31/36468j.jpg,2025-01-23
2 - 1,ผบE.1012/2566,ที่ดินพร้อมสิ่งปลูกสร้าง,0,0,20.9,580680.0,ระแหง,ลาดหลุมแก้ว,ปทุมธานี,34421,50000,"{'1': {'date': '30/01/2568', 'sta': '-'}, '2': {'date': '20/02/2568', 'sta': '-'}, '3': {'date': '13/03/2568', 'sta': '-'}, '4': {'date': '03/04/2568', 'sta': '-'}, '5': {'date': '24/04/2568', 'sta': '-'}, '6': {'date': '15/05/2568', 'sta': '-'}}",ปลอดการจำนอง,580680,09-12-2567,"['https://asset.led.go.th/PPKPicture/2567/11-2567/28/34421p.jpg', 'https://asset.led.go.th/PPKPicture/2567/11-2567/28/34421j.jpg']",https://asset.led.go.th/newbid-old/asset_open.asp?law_suit_no=%BC%BAE.1012&law_suit_year=2566&deed_no=34421&addrno=111/627,7/1,,,20250130,-,"['20250130', '20250220', '20250313', '20250403', '20250424', '20250515']",1,0,580680,https://asset.led.go.th/PPKPicture/2567/11-2567/28/34421p.jpg,https://asset.led.go.th/PPKPicture/2567/11-2567/28/34421j.jpg,2025-01-23
2 - 1,ผบE.4015/2566,ที่ดินพร้อมสิ่งปลูกสร้าง,0,0,16.0,519888.0,ระแหง,ลาดหลุมแก้ว,ปทุมธานี,18473,50000,"{'1': {'date': '26/12/2567', 'sta': '-'}, '2': {'date': '16/01/2568', 'sta': '-'}, '3': {'date': '06/02/2568', 'sta': '-'}, '4': {'date': '27/02/2568', 'sta': '-'}, '5': {'date': '20/03/2568', 'sta': '-'}, '6': {'date': '10/04/2568', 'sta': '-'}}",ปลอดการจำนอง,519888,11-11-2567,"['https://asset.led.go.th/PPKPicture/2567/10-2567/31/18473p.jpg', 'https://asset.led.go.th/PPKPicture/2567/10-2567/31/18473j.jpg']",https://asset.led.go.th/newbid-old/asset_open.asp?law_suit_no=%BC%BAE.4015&law_suit_year=2566&deed_no=18473&addrno=165/17,8/1,,,20250206,-,"['20241226', '20250116', '20250206', '20250227', '20250320', '20250410']",3,0,519888,https://asset.led.go.th/PPKPicture/2567/10-2567/31/18473p.jpg,https://asset.led.go.th/PPKPicture/2567/10-2567/31/18473j.jpg,2025-01-23
2 - 1,ผบE.1746/2566,ที่ดินพร้อมสิ่งปลูกสร้าง,0,0,26.2,1109080.0,บางหลวง,เมืองปทุมธานี,ปทุมธานี,53573,150000,"{'1': {'date': '28/11/2567', 'sta': '-'}, '2': {'date': '19/12/2567', 'sta': 'งดขายไม่มีผู้สู้ราคา'}, '3': {'date': '09/01/2568', 'sta': '-'}, '4': {'date': '30/01/2568', 'sta': '-'}, '5': {'date': '20/02/2568', 'sta': '-'}, '6': {'date': '13/03/2568', 'sta': '-'}}",ปลอดการจำนอง,1109080,08-10-2567,"['https://asset.led.go.th/PPKPicture/2567/09-2567/30/53573p.jpg', 'https://asset.led.go.th/PPKPicture/2567/09-2567/30/53573j.jpg']",https://asset.led.go.th/newbid-old/asset_open.asp?law_suit_no=%BC%BAE.1746&law_suit_year=2566&deed_no=53573&addrno=31/88,9/1,14.00840593,100.48251794,20250130,-,"['20241128', '20241219', '20250109', '20250130', '20250220', '20250313']",4,1,998172,https://asset.led.go.th/PPKPicture/2567/09-2567/30/53573p.jpg,https://asset.led.go.th/PPKPicture/2567/09-2567/30/53573j.jpg,2025-01-23
2 - 1,ผบ.164/2556,ห้องชุด,0,0,26.25,118125.0,บางพูน,เมืองปทุมธานี,ปทุมธานี,28180,5000,"{'1': {'date': '31/10/2567', 'sta': 'งดขายไม่มีผู้สู้ราคา'}, '2': {'date': '21/11/2567', 'sta': 'งดขายไม่มีผู้สู้ราคา'}, '3': {'date': '12/12/2567', 'sta': 'งดขายไม่มีผู้สู้ราคา'}, '4': {'date': '02/01/2568', 'sta': '-'}, '5': {'date': '23/01/2568', 'sta': '-'}, '6': {'date': '13/02/2568', 'sta': '-'}}",ปลอดภาระผูกพัน,118125,14-09-2567,"['https://asset.led.go.th/PPKPicture/2567/09-2567/09/c283-56p.jpg', 'https://asset.led.go.th/PPKPicture/2567/09-2567/09/c283-56j.jpg']",https://asset.led.go.th/newbid-old/asset_open.asp?law_suit_no=%BC%BA.164&law_suit_year=2556&deed_no=28180&addrno=283/56,10/1,13.98818777,100.57949058,20250123,-,"['20241031', '20241121', '20241212', '20250102', '20250123', '20250213']",5,3,82687,https://asset.led.go.th/PPKPicture/2567/09-2567/09/c283-56p.jpg,https://asset.led.go.th/PPKPicture/2567/09-2567/09/c283-56j.jpg,2025-01-23
3 - 1,ผบE.2200/2566,ที่ดินว่างเปล่า,0,1,0.0,170000.0,ระแหง,ลาดหลุมแก้ว,ปทุมธานี,22316,10000,"{'1': {'date': '26/09/2567', 'sta': 'ขายได้'}, '2': {'date': '17/10/2567', 'sta': 'ขายได้'}, '3': {'date': '07/11/2567', 'sta': 'ขายได้'}, '4': {'date': '28/11/2567', 'sta': 'ขายได้'}, '5': {'date': '19/12/2567', 'sta': 'ขายได้'}, '6': {'date': '09/01/2568', 'sta': 'ขายได้'}}",ปลอดภาระผูกพัน,170000,08-08-2567,"['https://asset.led.go.th/PPKPicture/2567/07-2567/31/22316p.jpg', 'https://asset.led.go.th/PPKPicture/2567/07-2567/31/22316j.jpg']",https://asset.led.go.th/newbid-old/asset_open.asp?law_suit_no=%BC%BAE.2200&law_suit_year=2566&deed_no=22316&addrno=-,11/1,14.08584279,100.37392720,20250109,ขายได้,"['20240926', '20241017', '20241107', '20241128', '20241219', '20250109']",6,0,170000,https://asset.led.go.th/PPKPicture/2567/07-2567/31/22316p.jpg,https://asset.led.go.th/PPKPicture/2567/07-2567/31/22316j.jpg,2025-01-23
3 - 1,ผบE.413/2565,ที่ดินว่างเปล่า,2,3,53.0,7408700.0,ลาดหลุมแก้ว,ลาดหลุมแก้ว,ปทุมธานี,7789,500000,"{'1': {'date': '28/11/2567', 'sta': '-'}, '2': {'date': '19/12/2567', 'sta': 'ขายได้'}, '3': {'date': '09/01/2568', 'sta': 'ขายได้'}, '4': {'date': '30/01/2568', 'sta': 'ขายได้'}, '5': {'date': '20/02/2568', 'sta': 'ขายได้'}, '6': {'date': '13/03/2568', 'sta': 'ขายได้'}}",ปลอดการจำนอง,7408700,09-10-2567,"['https://asset.led.go.th/PPKPicture/2567/09-2567/30/7789p.jpg', 'https://asset.led.go.th/PPKPicture/2567/09-2567/30/7789j.jpg']",https://asset.led.go.th/newbid-old/asset_open.asp?law_suit_no=%BC%BAE.413&law_suit_year=2565&deed_no=7789&addrno=-,12/1,,,20250130,ขายได้,"['20241128', '20241219', '20250109', '20250130', '20250220', '20250313']",4,0,7408700,https://asset.led.go.th/PPKPicture/2567/09-2567/30/7789p.jpg,https://asset.led.go.th/PPKPicture/2567/09-2567/30/7789j.jpg,2025-01-23
3 - 1,ผบE.3154/2565,ที่ดินพร้อมสิ่งปลูกสร้าง,0,1,0.0,398560.0,ระแหง,ลาดหลุมแก้ว,ปทุมธานี,23548,25000,"{'1': {'date': '30/01/2568', 'sta': '-'}, '2': {'date': '20/02/2568', 'sta': '-'}, '3': {'date': '13/03/2568', 'sta': '-'}, '4': {'date': '03/04/2568', 'sta': '-'}, '5': {'date': '24/04/2568', 'sta': '-'}, '6': {'date': '15/05/2568', 'sta': '-'}}",ปลอดภาระผูกพัน,398560,09-12-2567,"['https://asset.led.go.th/PPKPicture/2567/11-2567/28/23548p.jpg', 'https://asset.led.go.th/PPKPicture/2567/11-2567/28/23548j.jpg']",https://asset.led.go.th/newbid-old/asset_open.asp?law_suit_no=%BC%BAE.3154&law_suit_year=2565&deed_no=23548&addrno=%E4%C1%E8%BB%C3%D2%A1%AF%E0%C5%A2%B7%D0%E0%BA%D5%C2%B9,13/1,,,20250130,-,"['20250130', '20250220', '20250313', '20250403', '20250424', '20250515']",1,0,398560,https://asset.led.go.th/PPKPicture/2567/11-2567/28/23548p.jpg,https://asset.led.go.th/PPKPicture/2567/11-2567/28/23548j.jpg,2025-01-23
3 - 1,ผบ.498/2559,ที่ดินว่างเปล่า,0,0,65.5,429025.0,บางคูวัด,เมืองปทุมธานี,ปทุมธานี,135557,25000,"{'1': {'date': '26/12/2567', 'sta': '-'}, '2': {'date': '16/01/2568', 'sta': '-'}, '3': {'date': '06/02/2568', 'sta': '-'}, '4': {'date': '27/02/2568', 'sta': '-'}, '5': {'date': '20/03/2568', 'sta': '-'}, '6': {'date': '10/04/2568', 'sta': '-'}}",ปลอดภาระผูกพัน,429025,11-11-2567,"['https://asset.led.go.th/PPKPicture/2567/10-2567/31/135557p.jpg', 'https://asset.led.go.th/PPKPicture/2567/10-2567/31/135557j.jpg']",https://asset.led.go.th/newbid-old/asset_open.asp?law_suit_no=%BC%BA.498&law_suit_year=2559&deed_no=135557&addrno=-,14/1,,,20250206,-,"['20241226', '20250116', '20250206', '20250227', '20250320', '20250410']",3,0,429025,https://asset.led.go.th/PPKPicture/2567/10-2567/31/135557p.jpg,https://asset.led.go.th/PPKPicture/2567/10-2567/31/135557j.jpg,2025-01-23
3 - 1,ผบE.326/2567,ที่ดินพร้อมสิ่งปลูกสร้าง,0,0,16.0,525700.0,ระแหง,ลาดหลุมแก้ว,ปทุมธานี,18113,50000,"{'1': {'date': '31/10/2567', 'sta': '-'}, '2': {'date': '21/11/2567', 'sta': 'งดขายไม่มีผู้สู้ราคา'}, '3': {'date': '12/12/2567', 'sta': 'งดขายไม่มีผู้สู้ราคา'}, '4': {'date': '02/01/2568', 'sta': '-'}, '5': {'date': '23/01/2568', 'sta': '-'}, '6': {'date': '13/02/2568', 'sta': '-'}}",ปลอดการจำนอง,525700,14-09-2567,"['https://asset.led.go.th/PPKPicture/2567/09-2567/09/18113p.jpg', 'https://asset.led.go.th/PPKPicture/2567/09-2567/09/18113j.jpg']",https://asset.led.go.th/newbid-old/asset_open.asp?law_suit_no=%BC%BAE.326&law_suit_year=2567&deed_no=18113&addrno=198/26,15/1,,,20250123,-,"['20241031', '20241121', '20241212', '20250102', '20250123', '20250213']",5,2,420560,https://asset.led.go.th/PPKPicture/2567/09-2567/09/18113p.jpg,https://asset.led.go.th/PPKPicture/2567/09-2567/09/18113j.jpg,2025-01-23
3 - 1,ผบE.3154/2565,ที่ดินพร้อมสิ่งปลูกสร้าง,0,1,0.0,398560.0,ระแหง,ลาดหลุมแก้ว,ปทุมธานี,23549,25000,"{'1': {'date': '30/01/2568', 'sta': '-'}, '2': {'date': '20/02/2568', 'sta': '-'}, '3': {'date': '13/03/2568', 'sta': '-'}, '4': {'date': '03/04/2568', 'sta': '-'}, '5': {'date': '24/04/2568', 'sta': '-'}, '6': {'date': '15/05/2568', 'sta': '-'}}",ปลอดภาระผูกพัน,398560,09-12-2567,"['https://asset.led.go.th/PPKPicture/2567/11-2567/28/23549p.jpg', 'https://asset.led.go.th/PPKPicture/2567/11-2567/28/23548j.jpg']",https://asset.led.go.th/newbid-old/asset_open.asp?law_suit_no=%BC%BAE.3154&law_suit_year=2565&deed_no=23549&addrno=%E4%C1%E8%BB%C3%D2%A1%AF%E0%C5%A2%B7%D0%E0%BA%D5%C2%B9,16/1,,,20250130,-,"['20250130', '20250220', '20250313', '20250403', '20250424', '20250515']",1,0,398560,https://asset.led.go.th/PPKPicture/2567/11-2567/28/23549p.jpg,https://asset.led.go.th/PPKPicture/2567/11-2567/28/23548j.jpg,2025-01-23
3 - 1,ผบE.413/2565,ที่ดินว่างเปล่า,11,1,46.0,7408700.0,ลาดหลุมแก้ว,ลาดหลุมแก้ว,ปทุมธานี,8592,500000,"{'1': {'date': '28/11/2567', 'sta': '-'}, '2': {'date': '19/12/2567', 'sta': 'ขายได้'}, '3': {'date': '09/01/2568', 'sta': 'ขายได้'}, '4': {'date': '30/01/2568', 'sta': 'ขายได้'}, '5': {'date': '20/02/2568', 'sta': 'ขายได้'}, '6': {'date': '13/03/2568', 'sta': 'ขายได้'}}",ปลอดการจำนอง,7408700,09-10-2567,"['https://asset.led.go.th/PPKPicture/2567/09-2567/30/7789p.jpg', 'https://asset.led.go.th/PPKPicture/2567/09-2567/30/7789j.jpg']",https://asset.led.go.th/newbid-old/asset_open.asp?law_suit_no=%BC%BAE.413&law_suit_year=2565&deed_no=8592&addrno=-,17/1,,,20250130,ขายได้,"['20241128', '20241219', '20250109', '20250130', '20250220', '20250313']",4,0,7408700,https://asset.led.go.th/PPKPicture/2567/09-2567/30/7789p.jpg,https://asset.led.go.th/PPKPicture/2567/09-2567/30/7789j.jpg,2025-01-23
3 - 2,ผบ.498/2559,ที่ดินพร้อมสิ่งปลูกสร้าง,0,0,24.4,1589707.52,บางหลวง,เมืองปทุมธานี,ปทุมธานี,97039,5000,"{'1': {'date': '26/12/2567', 'sta': '-'}, '2': {'date': '16/01/2568', 'sta': '-'}, '3': {'date': '06/02/2568', 'sta': '-'}, '4': {'date': '27/02/2568', 'sta': '-'}, '5': {'date': '20/03/2568', 'sta': '-'}, '6': {'date': '10/04/2568', 'sta': '-'}}",การจำนองติดไป,1589707,11-11-2567,"['https://asset.led.go.th/PPKPicture/2567/10-2567/31/97039p.jpg', 'https://asset.led.go.th/PPKPicture/2567/10-2567/31/97039j.jpg']",https://asset.led.go.th/newbid-old/asset_open.asp?law_suit_no=%BC%BA.498&law_suit_year=2559&deed_no=97039&addrno=122/20,18/1,,,20250206,-,"['20241226', '20250116', '20250206', '20250227', '20250320', '20250410']",3,0,1589707,https://asset.led.go.th/PPKPicture/2567/10-2567/31/97039p.jpg,https://asset.led.go.th/PPKPicture/2567/10-2567/31/97039j.jpg,2025-01-23
3 - 2,ผบE.3154/2565,ที่ดินพร้อมสิ่งปลูกสร้าง,0,1,1.0,1206200.0,ระแหง,ลาดหลุมแก้ว,ปทุมธานี,23550,150000,"{'1': {'date': '30/01/2568', 'sta': '-'}, '2': {'date': '20/02/2568', 'sta': '-'}, '3': {'date': '13/03/2568', 'sta': '-'}, '4': {'date': '03/04/2568', 'sta': '-'}, '5': {'date': '24/04/2568', 'sta': '-'}, '6': {'date': '15/05/2568', 'sta': '-'}}",ปลอดภาระผูกพัน,1206200,09-12-2567,"['https://asset.led.go.th/PPKPicture/2567/11-2567/28/23550p.jpg', 'https://asset.led.go.th/PPKPicture/2567/11-2567/28/23550j.jpg']","https://asset.led.go.th/newbid-old/asset_open.asp?law_suit_no=%BC%BAE.3154&law_suit_year=2565&deed_no=23550&addrno=7/26,%E4%C1%E8%BB%C3%D2%A1%AF%E0%C5%A2%B7%D0%E0%BA%D5%C2%B9",19/1,,,20250130,-,"['20250130', '20250220', '20250313', '20250403', '20250424', '20250515']",1,0,1206200,https://asset.led.go.th/PPKPicture/2567/11-2567/28/23550p.jpg,https://asset.led.go.th/PPKPicture/2567/11-2567/28/23550j.jpg,2025-01-23
3 - 2,ผบE.3154/2565,ที่ดินพร้อมสิ่งปลูกสร้าง,0,1,1.0,1206200.0,ระแหง,ลาดหลุมแก้ว,ปทุมธานี,16884,150000,"{'1': {'date': '30/01/2568', 'sta': '-'}, '2': {'date': '20/02/2568', 'sta': '-'}, '3': {'date': '13/03/2568', 'sta': '-'}, '4': {'date': '03/04/2568', 'sta': '-'}, '5': {'date': '24/04/2568', 'sta': '-'}, '6': {'date': '15/05/2568', 'sta': '-'}}",ปลอดภาระผูกพัน,1206200,09-12-2567,"['https://asset.led.go.th/PPKPicture/2567/11-2567/28/16884p.jpg', 'https://asset.led.go.th/PPKPicture/2567/11-2567/28/23550j.jpg']",https://asset.led.go.th/newbid-old/asset_open.asp?law_suit_no=%BC%BAE.3154&law_suit_year=2565&deed_no=16884&addrno=%E4%C1%E8%BB%C3%D2%A1%AF%E0%C5%A2%B7%D0%E0%BA%D5%C2%B9,20/1,,,20250130,-,"['20250130', '20250220', '20250313', '20250403', '20250424', '20250515']",1,0,1206200,https://asset.led.go.th/PPKPicture/2567/11-2567/28/16884p.jpg,https://asset.led.go.th/PPKPicture/2567/11-2567/28/23550j.jpg,2025-01-23
4 - 1,ผบE.1315/2565,ที่ดินพร้อมสิ่งปลูกสร้าง,0,0,22.5,1290321.0,บ้านฉาง,เมืองปทุมธานี,ปทุมธานี,70644,150000,"{'1': {'date': '26/09/2567', 'sta': '-'}, '2': {'date': '17/10/2567', 'sta': 'งดขายไม่มีผู้สู้ราคา'}, '3': {'date': '07/11/2567', 'sta': 'งดขายไม่มีผู้สู้ราคา'}, '4': {'date': '28/11/2567', 'sta': 'งดขายไม่มีผู้สู้ราคา'}, '5': {'date': '19/12/2567', 'sta': 'งดขายไม่มีผู้สู้ราคา'}, '6': {'date': '09/01/2568', 'sta': 'ขายได้'}}",ปลอดการจำนอง,1290321,08-08-2567,"['https://asset.led.go.th/PPKPicture/2567/07-2567/31/70644p.jpg', 'https://asset.led.go.th/PPKPicture/2567/07-2567/31/70644j.jpg']",https://asset.led.go.th/newbid-old/asset_open.asp?law_suit_no=%BC%BAE.1315&law_suit_year=2565&deed_no=70644&addrno=15/1,21/1,14.02662443,100.51546437,20250109,ขายได้,"['20240926', '20241017', '20241107', '20241128', '20241219', '20250109']",6,3,903224,https://asset.led.go.th/PPKPicture/2567/07-2567/31/70644p.jpg,https://asset.led.go.th/PPKPicture/2567/07-2567/31/70644j.jpg,2025-01-23
4 - 1,ผบ.3403/2562,ที่ดินว่างเปล่า,0,2,0.0,500000.0,บ่อเงิน,ลาดหลุมแก้ว,ปทุมธานี,57857,25000,"{'1': {'date': '30/01/2568', 'sta': '-'}, '2': {'date': '20/02/2568', 'sta': '-'}, '3': {'date': '13/03/2568', 'sta': '-'}, '4': {'date': '03/04/2568', 'sta': '-'}, '5': {'date': '24/04/2568', 'sta': '-'}, '6': {'date': '15/05/2568', 'sta': '-'}}",ปลอดภาระผูกพัน,500000,09-12-2567,"['https://asset.led.go.th/PPKPicture/2567/11-2567/28/57857p.jpg', 'https://asset.led.go.th/PPKPicture/2567/11-2567/28/57857j.jpg']",https://asset.led.go.th/newbid-old/asset_open.asp?law_suit_no=%BC%BA.3403&law_suit_year=2562&deed_no=57857&addrno=-,22/1,,,20250130,-,"['20250130', '20250220', '20250313', '20250403', '20250424', '20250515']",1,0,500000,https://asset.led.go.th/PPKPicture/2567/11-2567/28/57857p.jpg,https://asset.led.go.th/PPKPicture/2567/11-2567/28/57857j.jpg,2025-01-23
4 - 1,ผบE.236/2566,ที่ดินพร้อมสิ่งปลูกสร้าง,0,0,20.0,759120.0,กระแชง,สามโคก,ปทุมธานี,15971,50000,"{'1': {'date': '26/12/2567', 'sta': 'งดขาย'}, '2': {'date': '16/01/2568', 'sta': 'งดขาย'}, '3': {'date': '06/02/2568', 'sta': 'งดขาย'}, '4': {'date': '27/02/2568', 'sta': 'งดขาย'}, '5': {'date': '20/03/2568', 'sta': 'งดขาย'}, '6': {'date': '10/04/2568', 'sta': 'งดขาย'}}",ปลอดการจำนอง,759120,11-11-2567,"['https://asset.led.go.th/PPKPicture/2567/10-2567/31/15971p.jpg', 'https://asset.led.go.th/PPKPicture/2567/10-2567/31/15971j.jpg']",https://asset.led.go.th/newbid-old/asset_open.asp?law_suit_no=%BC%BAE.236&law_suit_year=2566&deed_no=15971&addrno=102/1300,23/1,,,20250206,งดขาย,"['20241226', '20250116', '20250206', '20250227', '20250320', '20250410']",3,0,759120,https://asset.led.go.th/PPKPicture/2567/10-2567/31/15971p.jpg,https://asset.led.go.th/PPKPicture/2567/10-2567/31/15971j.jpg,2025-01-23
4 - 1,ผบE.1865/2566,ที่ดินพร้อมสิ่งปลูกสร้าง,0,0,16.0,741699.0,ระแหง,ลาดหลุมแก้ว,ปทุมธานี,17356,50000,"{'1': {'date': '31/10/2567', 'sta': 'ขายได้'}, '2': {'date': '21/11/2567', 'sta': 'ขายได้'}, '3': {'date': '12/12/2567', 'sta': 'ขายได้'}, '4': {'date': '02/01/2568', 'sta': 'ขายได้'}, '5': {'date': '23/01/2568', 'sta': 'ขายได้'}, '6': {'date': '13/02/2568', 'sta': 'ขายได้'}}",ปลอดการจำนอง,741699,14-09-2567,"['https://asset.led.go.th/PPKPicture/2567/09-2567/09/17356p.jpg', 'https://asset.led.go.th/PPKPicture/2567/09-2567/09/17356j.jpg']",https://asset.led.go.th/newbid-old/asset_open.asp?law_suit_no=%BC%BAE.1865&law_suit_year=2566&deed_no=17356&addrno=209/19,24/1,,,20250123,ขายได้,"['20241031', '20241121', '20241212', '20250102', '20250123', '20250213']",5,0,741699,https://asset.led.go.th/PPKPicture/2567/09-2567/09/17356p.jpg,https://asset.led.go.th/PPKPicture/2567/09-2567/09/17356j.jpg,2025-01-23
4 - 1,ผบE.1349/2566,ห้องชุด,0,0,27.95,299065.0,บางพูน,เมืองปทุมธานี,ปทุมธานี,21945,25000,"{'1': {'date': '28/11/2567', 'sta': '-'}, '2': {'date': '19/12/2567', 'sta': 'งดขายไม่มีผู้สู้ราคา'}, '3': {'date': '09/01/2568', 'sta': '-'}, '4': {'date': '30/01/2568', 'sta': '-'}, '5': {'date': '20/02/2568', 'sta': '-'}, '6': {'date': '13/03/2568', 'sta': '-'}}",ปลอดภาระผูกพัน,299065,08-10-2567,"['https://asset.led.go.th/PPKPicture/2567/09-2567/30/c80-7-8p.jpg', 'https://asset.led.go.th/PPKPicture/2567/09-2567/30/c80-7-8j.jpg']",https://asset.led.go.th/newbid-old/asset_open.asp?law_suit_no=%BC%BAE.1349&law_suit_year=2566&deed_no=21945&addrno=80(7)/8,25/1,13.97860224,100.59014208,20250130,-,"['20241128', '20241219', '20250109', '20250130', '20250220', '20250313']",4,1,269158,https://asset.led.go.th/PPKPicture/2567/09-2567/30/c80-7-8p.jpg,https://asset.led.go.th/PPKPicture/2567/09-2567/30/c80-7-8j.jpg,2025-01-23
5 - 1,ผบE.1484/2566,ห้องชุด,0,0,33.19,411556.0,บ้านใหม่,เมืองปทุมธานี,ปทุมธานี,70546,25000,"{'1': {'date': '26/09/2567', 'sta': 'งดขายไม่มีผู้สู้ราคา'}, '2': {'date': '17/10/2567', 'sta': 'ถอนการยึด'}, '3': {'date': '07/11/2567', 'sta': 'ถอนการยึด'}, '4': {'date': '28/11/2567', 'sta': 'ถอนการยึด'}, '5': {'date': '19/12/2567', 'sta': 'ถอนการยึด'}, '6': {'date': '09/01/2568', 'sta': 'ถอนการยึด'}}",การจำนองติดไป,411556,08-08-2567,"['https://asset.led.go.th/PPKPicture/2567/07-2567/31/c200-3121p.jpg', 'https://asset.led.go.th/PPKPicture/2567/07-2567/31/c200-3121j.jpg']",https://asset.led.go.th/newbid-old/asset_open.asp?law_suit_no=%BC%BAE.1484&law_suit_year=2566&deed_no=70546&addrno=200/3121,26/1,13.97001215,100.54779110,20250109,ถอนการยึด,"['20240926', '20241017', '20241107', '20241128', '20241219', '20250109']",6,1,370400,https://asset.led.go.th/PPKPicture/2567/07-2567/31/c200-3121p.jpg,https://asset.led.go.th/PPKPicture/2567/07-2567/31/c200-3121j.jpg,2025-01-23
5 - 1,ผบE.1494/2564,ที่ดินพร้อมสิ่งปลูกสร้าง,0,0,18.0,691070.0,ระแหง,ลาดหลุมแก้ว,ปทุมธานี,24676,50000,"{'1': {'date': '30/01/2568', 'sta': '-'}, '2': {'date': '20/02/2568', 'sta': '-'}, '3': {'date': '13/03/2568', 'sta': '-'}, '4': {'date': '03/04/2568', 'sta': '-'}, '5': {'date': '24/04/2568', 'sta': '-'}, '6': {'date': '15/05/2568', 'sta': '-'}}",ปลอดการจำนอง,691070,09-12-2567,"['https://asset.led.go.th/PPKPicture/2567/11-2567/28/24676p.jpg', 'https://asset.led.go.th/PPKPicture/2567/11-2567/28/24676j.jpg']",https://asset.led.go.th/newbid-old/asset_open.asp?law_suit_no=%BC%BAE.1494&law_suit_year=2564&deed_no=24676&addrno=87/7,27/1,,,20250130,-,"['20250130', '20250220', '20250313', '20250403', '20250424', '20250515']",1,0,691070,https://asset.led.go.th/PPKPicture/2567/11-2567/28/24676p.jpg,https://asset.led.go.th/PPKPicture/2567/11-2567/28/24676j.jpg,2025-01-23
5 - 1,ผบ.178/2563,ที่ดินพร้อมสิ่งปลูกสร้าง,0,0,57.2,1277812.8,บางคูวัด,เมืองปทุมธานี,ปทุมธานี,75722,150000,"{'1': {'date': '28/11/2567', 'sta': 'ถอนการยึด'}, '2': {'date': '19/12/2567', 'sta': 'ถอนการยึด'}, '3': {'date': '09/01/2568', 'sta': 'ถอนการยึด'}, '4': {'date': '30/01/2568', 'sta': 'ถอนการยึด'}, '5': {'date': '20/02/2568', 'sta': 'ถอนการยึด'}, '6': {'date': '13/03/2568', 'sta': 'ถอนการยึด'}}",ปลอดการจำนอง,1277812,08-10-2567,"['https://asset.led.go.th/PPKPicture/2567/09-2567/30/75722p.jpg', 'https://asset.led.go.th/PPKPicture/2567/09-2567/30/75722j.jpg']",https://asset.led.go.th/newbid-old/asset_open.asp?law_suit_no=%BC%BA.178&law_suit_year=2563&deed_no=75722&addrno=39/269,28/1,,,20250130,ถอนการยึด,"['20241128', '20241219', '20250109', '20250130', '20250220', '20250313']",4,0,1277812,https://asset.led.go.th/PPKPicture/2567/09-2567/30/75722p.jpg,https://asset.led.go.th/PPKPicture/2567/09-2567/30/75722j.jpg,2025-01-23
5 - 1,ผบE.1843/2566,ที่ดินพร้อมสิ่งปลูกสร้าง,0,0,19.2,864429.0,บางหลวง,เมืองปทุมธานี,ปทุมธานี,53055,50000,"{'1': {'date': '26/12/2567', 'sta': '-'}, '2': {'date': '16/01/2568', 'sta': '-'}, '3': {'date': '06/02/2568', 'sta': '-'}, '4': {'date': '27/02/2568', 'sta': '-'}, '5': {'date': '20/03/2568', 'sta': '-'}, '6': {'date': '10/04/2568', 'sta': '-'}}",ปลอดการจำนอง,864429,11-11-2567,"['https://asset.led.go.th/PPKPicture/2567/10-2567/31/53055p.jpg', 'https://asset.led.go.th/PPKPicture/2567/10-2567/31/53055j.jpg']",https://asset.led.go.th/newbid-old/asset_open.asp?law_suit_no=%BC%BAE.1843&law_suit_year=2566&deed_no=53055&addrno=31/235,29/1,,,20250206,-,"['20241226', '20250116', '20250206', '20250227', '20250320', '20250410']",3,0,864429,https://asset.led.go.th/PPKPicture/2567/10-2567/31/53055p.jpg,https://asset.led.go.th/PPKPicture/2567/10-2567/31/53055j.jpg,2025-01-23
5 - 1,ผบE.2468/2566,ที่ดินพร้อมสิ่งปลูกสร้าง,0,0,25.6,500382.0,หน้าไม้,ลาดหลุมแก้ว,ปทุมธานี,21200,50000,"{'1': {'date': '31/10/2567', 'sta': 'ขายได้'}, '2': {'date': '21/11/2567', 'sta': 'ขายได้'}, '3': {'date': '12/12/2567', 'sta': 'ขายได้'}, '4': {'date': '02/01/2568', 'sta': 'ขายได้'}, '5': {'date': '23/01/2568', 'sta': 'ขายได้'}, '6': {'date': '13/02/2568', 'sta': 'ขายได้'}}",ปลอดการจำนอง,500382,14-09-2567,"['https://asset.led.go.th/PPKPicture/2567/09-2567/09/21200p.jpg', 'https://asset.led.go.th/PPKPicture/2567/09-2567/09/21200j.jpg']",https://asset.led.go.th/newbid-old/asset_open.asp?law_suit_no=%BC%BAE.2468&law_suit_year=2566&deed_no=21200&addrno=102,30/1,,,20250123,ขายได้,"['20241031', '20241121', '20241212', '20250102', '20250123', '20250213']",5,0,500382,https://asset.led.go.th/PPKPicture/2567/09-2567/09/21200p.jpg,https://asset.led.go.th/PPKPicture/2567/09-2567/09/21200j.jpg,2025-01-23
5 - 1,ผบE.1843/2566,ที่ดินพร้อมสิ่งปลูกสร้าง,0,0,19.2,864429.0,บางหลวง,เมืองปทุมธานี,ปทุมธานี,53056,50000,"{'1': {'date': '26/12/2567', 'sta': '-'}, '2': {'date': '16/01/2568', 'sta': '-'}, '3': {'date': '06/02/2568', 'sta': '-'}, '4': {'date': '27/02/2568', 'sta': '-'}, '5': {'date': '20/03/2568', 'sta': '-'}, '6': {'date': '10/04/2568', 'sta': '-'}}",ปลอดการจำนอง,864429,11-11-2567,"['https://asset.led.go.th/PPKPicture/2567/10-2567/31/53055p.jpg', 'https://asset.led.go.th/PPKPicture/2567/10-2567/31/53055j.jpg']",https://asset.led.go.th/newbid-old/asset_open.asp?law_suit_no=%BC%BAE.1843&law_suit_year=2566&deed_no=53056&addrno=31/235,31/1,,,20250206,-,"['20241226', '20250116', '20250206', '20250227', '20250320', '20250410']",3,0,864429,https://asset.led.go.th/PPKPicture/2567/10-2567/31/53055p.jpg,https://asset.led.go.th/PPKPicture/2567/10-2567/31/53055j.jpg,2025-01-23
6 - 1,ผบE.1827/2566,ที่ดินพร้อมสิ่งปลูกสร้าง,0,0,17.8,1060372.36,บางเดื่อ,เมืองปทุมธานี,ปทุมธานี,95103,150000,"{'1': {'date': '26/12/2567', 'sta': '-'}, '2': {'date': '16/01/2568', 'sta': '-'}, '3': {'date': '06/02/2568', 'sta': '-'}, '4': {'date': '27/02/2568', 'sta': '-'}, '5': {'date': '20/03/2568', 'sta': '-'}, '6': {'date': '10/04/2568', 'sta': '-'}}",ปลอดการจำนอง,1060372,11-11-2567,"['https://asset.led.go.th/PPKPicture/2567/10-2567/31/95103p.jpg', 'https://asset.led.go.th/PPKPicture/2567/10-2567/31/95103j.jpg']",https://asset.led.go.th/newbid-old/asset_open.asp?law_suit_no=%BC%BAE.1827&law_suit_year=2566&deed_no=95103&addrno=445/207,32/1,,,20250206,-,"['20241226', '20250116', '20250206', '20250227', '20250320', '20250410']",3,0,1060372,https://asset.led.go.th/PPKPicture/2567/10-2567/31/95103p.jpg,https://asset.led.go.th/PPKPicture/2567/10-2567/31/95103j.jpg,2025-01-23
6 - 1,ผบE.3364/2565,ที่ดินพร้อมสิ่งปลูกสร้าง,0,0,24.0,600888.0,ระแหง,ลาดหลุมแก้ว,ปทุมธานี,31817,5000,"{'1': {'date': '28/11/2567', 'sta': 'งดขายไม่มีผู้สู้ราคา'}, '2': {'date': '19/12/2567', 'sta': 'งดขายไม่มีผู้สู้ราคา'}, '3': {'date': '09/01/2568', 'sta': '-'}, '4': {'date': '30/01/2568', 'sta': '-'}, '5': {'date': '20/02/2568', 'sta': '-'}, '6': {'date': '13/03/2568', 'sta': '-'}}",การจำนองติดไป,600888,08-10-2567,"['https://asset.led.go.th/PPKPicture/2567/09-2567/30/31817p.jpg', 'https://asset.led.go.th/PPKPicture/2567/09-2567/30/31817j.jpg']",https://asset.led.go.th/newbid-old/asset_open.asp?law_suit_no=%BC%BAE.3364&law_suit_year=2565&deed_no=31817&addrno=36/104,33/1,,,20250130,-,"['20241128', '20241219', '20250109', '20250130', '20250220', '20250313']",4,2,480710,https://asset.led.go.th/PPKPicture/2567/09-2567/30/31817p.jpg,https://asset.led.go.th/PPKPicture/2567/09-2567/30/31817j.jpg,2025-01-23
6 - 1,ผบ.5204/2559,ที่ดินพร้อมสิ่งปลูกสร้าง,9,1,8.0,57075801.04,บ้านใหม่,บางกะดี(เมือง),ปทุมธานี,3842,5000000,"{'1': {'date': '30/01/2568', 'sta': '-'}, '2': {'date': '20/02/2568', 'sta': '-'}, '3': {'date': '13/03/2568', 'sta': '-'}, '4': {'date': '03/04/2568', 'sta': '-'}, '5': {'date': '24/04/2568', 'sta': '-'}, '6': {'date': '15/05/2568', 'sta': '-'}}",ปลอดการจำนอง,95331230,09-12-2567,"['https://asset.led.go.th/PPKPicture/2567/11-2567/28/3842p.jpg', 'https://asset.led.go.th/PPKPicture/2567/11-2567/28/3842j.jpg']","https://asset.led.go.th/newbid-old/asset_open.asp?law_suit_no=%BC%BA.5204&law_suit_year=2559&deed_no=3842&addrno=%E4%C1%E8%BB%C3%D2%A1%AF%E0%C5%A2%B7%D0%E0%BA%D5%C2%B9,41",34/1,,,20250130,-,"['20250130', '20250220', '20250313', '20250403', '20250424', '20250515']",1,0,95331230,https://asset.led.go.th/PPKPicture/2567/11-2567/28/3842p.jpg,https://asset.led.go.th/PPKPicture/2567/11-2567/28/3842j.jpg,2025-01-23
6 - 1,ผบE.610/2566,ห้องชุด,0,0,34.3,456190.0,บางปรอก,เมืองปทุมธานี,ปทุมธานี,"70066,73238,73240",25000,"{'1': {'date': '31/10/2567', 'sta': '-'}, '2': {'date': '21/11/2567', 'sta': 'งดขายไม่มีผู้สู้ราคา'}, '3': {'date': '12/12/2567', 'sta': 'งดขายไม่มีผู้สู้ราคา'}, '4': {'date': '02/01/2568', 'sta': '-'}, '5': {'date': '23/01/2568', 'sta': '-'}, '6': {'date': '13/02/2568', 'sta': '-'}}",ปลอดการจำนอง,456190,14-09-2567,"['https://asset.led.go.th/PPKPicture/2567/09-2567/09/c64-10p.jpg', 'https://asset.led.go.th/PPKPicture/2567/09-2567/09/c64-10j.jpg']","https://asset.led.go.th/newbid-old/asset_open.asp?law_suit_no=%BC%BAE.610&law_suit_year=2566&deed_no=70066,73238,73240&addrno=64/10",35/1,14.01922385,100.52059144,20250123,-,"['20241031', '20241121', '20241212', '20250102', '20250123', '20250213']",5,2,364952,https://asset.led.go.th/PPKPicture/2567/09-2567/09/c64-10p.jpg,https://asset.led.go.th/PPKPicture/2567/09-2567/09/c64-10j.jpg,2025-01-23
7 - 1,ผบE.1960/2565,ที่ดินพร้อมสิ่งปลูกสร้าง,0,0,16.0,537888.0,ระแหง,ลาดหลุมแก้ว,ปทุมธานี,17632,50000,"{'1': {'date': '26/09/2567', 'sta': 'ขายได้'}, '2': {'date': '17/10/2567', 'sta': 'ขายได้'}, '3': {'date': '07/11/2567', 'sta': 'ขายได้'}, '4': {'date': '28/11/2567', 'sta': 'ขายได้'}, '5': {'date': '19/12/2567', 'sta': 'ขายได้'}, '6': {'date': '09/01/2568', 'sta': 'ขายได้'}}",ปลอดการจำนอง,537888,08-08-2567,"['https://asset.led.go.th/PPKPicture/2567/07-2567/31/17632p.jpg', 'https://asset.led.go.th/PPKPicture/2567/07-2567/31/17632j.jpg']",https://asset.led.go.th/newbid-old/asset_open.asp?law_suit_no=%BC%BAE.1960&law_suit_year=2565&deed_no=17632&addrno=174/37,36/1,14.03575164,100.38516951,20250109,ขายได้,"['20240926', '20241017', '20241107', '20241128', '20241219', '20250109']",6,0,537888,https://asset.led.go.th/PPKPicture/2567/07-2567/31/17632p.jpg,https://asset.led.go.th/PPKPicture/2567/07-2567/31/17632j.jpg,2025-01-23
7 - 1,ผบ.211/2566,ที่ดินพร้อมสิ่งปลูกสร้าง,0,0,17.8,941092.0,บางหลวง,เมืองปทุมธานี,ปทุมธานี,85563,50000,"{'1': {'date': '30/01/2568', 'sta': '-'}, '2': {'date': '20/02/2568', 'sta': '-'}, '3': {'date': '13/03/2568', 'sta': '-'}, '4': {'date': '03/04/2568', 'sta': '-'}, '5': {'date': '24/04/2568', 'sta': '-'}, '6': {'date': '15/05/2568', 'sta': '-'}}",ปลอดการจำนอง,941092,09-12-2567,"['https://asset.led.go.th/PPKPicture/2567/11-2567/28/85563p.jpg', 'https://asset.led.go.th/PPKPicture/2567/11-2567/28/85563j.jpg']",https://asset.led.go.th/newbid-old/asset_open.asp?law_suit_no=%BC%BA.211&law_suit_year=2566&deed_no=85563&addrno=222/20,37/1,,,20250130,-,"['20250130', '20250220', '20250313', '20250403', '20250424', '20250515']",1,0,941092,https://asset.led.go.th/PPKPicture/2567/11-2567/28/85563p.jpg,https://asset.led.go.th/PPKPicture/2567/11-2567/28/85563j.jpg,2025-01-23
7 - 1,ผบE.1366/2567,ที่ดินพร้อมสิ่งปลูกสร้าง,0,0,18.1,1312703.84,บางเดื่อ,เมืองปทุมธานี,ปทุมธานี,128585,150000,"{'1': {'date': '28/11/2567', 'sta': '-'}, '2': {'date': '19/12/2567', 'sta': 'ขายได้'}, '3': {'date': '09/01/2568', 'sta': 'ขายได้'}, '4': {'date': '30/01/2568', 'sta': 'ขายได้'}, '5': {'date': '20/02/2568', 'sta': 'ขายได้'}, '6': {'date': '13/03/2568', 'sta': 'ขายได้'}}",ปลอดการจำนอง,1312703,08-10-2567,"['https://asset.led.go.th/PPKPicture/2567/09-2567/30/128585p.jpg', 'https://asset.led.go.th/PPKPicture/2567/09-2567/30/128585j.jpg']",https://asset.led.go.th/newbid-old/asset_open.asp?law_suit_no=%BC%BAE.1366&law_suit_year=2567&deed_no=128585&addrno=188/263,38/1,,,20250130,ขายได้,"['20241128', '20241219', '20250109', '20250130', '20250220', '20250313']",4,0,1312703,https://asset.led.go.th/PPKPicture/2567/09-2567/30/128585p.jpg,https://asset.led.go.th/PPKPicture/2567/09-2567/30/128585j.jpg,2025-01-23
7 - 1,มย.9/2565,ที่ดินว่างเปล่า,3,1,93.0,7313250.0,สามโคก,สามโคก,ปทุมธานี,7289,500000,"{'1': {'date': '31/10/2567', 'sta': 'งดขายไม่มีผู้สู้ราคา'}, '2': {'date': '21/11/2567', 'sta': 'งดขายไม่มีผู้สู้ราคา'}, '3': {'date': '12/12/2567', 'sta': 'ขายได้'}, '4': {'date': '02/01/2568', 'sta': 'ขายได้'}, '5': {'date': '23/01/2568', 'sta': 'ขายได้'}, '6': {'date': '13/02/2568', 'sta': 'ขายได้'}}",ปลอดการจำนอง,7313250,14-09-2567,"['https://asset.led.go.th/PPKPicture/2567/09-2567/09/7289p.jpg', 'https://asset.led.go.th/PPKPicture/2567/09-2567/09/7289j.jpg']",https://asset.led.go.th/newbid-old/asset_open.asp?law_suit_no=%C1%C2.9&law_suit_year=2565&deed_no=7289&addrno=-,39/1,,,20250123,ขายได้,"['20241031', '20241121', '20241212', '20250102', '20250123', '20250213']",5,2,5850600,https://asset.led.go.th/PPKPicture/2567/09-2567/09/7289p.jpg,https://asset.led.go.th/PPKPicture/2567/09-2567/09/7289j.jpg,2025-01-23
7 - 1,3725/2557,ที่ดินว่างเปล่า,0,1,90.0,3230000.0,บางขะแยง,เมืองปทุมธานี,ปทุมธานี,7466,250000,"{'1': {'date': '26/12/2567', 'sta': '-'}, '2': {'date': '16/01/2568', 'sta': '-'}, '3': {'date': '06/02/2568', 'sta': '-'}, '4': {'date': '27/02/2568', 'sta': '-'}, '5': {'date': '20/03/2568', 'sta': '-'}, '6': {'date': '10/04/2568', 'sta': '-'}}",ปลอดภาระผูกพัน,3230000,11-11-2567,"['https://asset.led.go.th/PPKPicture/2567/10-2567/31/7466p.jpg', 'https://asset.led.go.th/PPKPicture/2567/10-2567/31/7466j.jpg']",https://asset.led.go.th/newbid-old/asset_open.asp?law_suit_no=3725&law_suit_year=2557&deed_no=7466&addrno=-,40/1,,,20250206,-,"['20241226', '20250116', '20250206', '20250227', '20250320', '20250410']",3,0,3230000,https://asset.led.go.th/PPKPicture/2567/10-2567/31/7466p.jpg,https://asset.led.go.th/PPKPicture/2567/10-2567/31/7466j.jpg,2025-01-23
8 - 1,ผบ.580/2565,ที่ดินพร้อมสิ่งปลูกสร้าง,0,0,16.0,628184.0,บ้านฉาง,เมืองปทุมธานี,ปทุมธานี,40661,50000,"{'1': {'date': '26/09/2567', 'sta': 'ขายได้'}, '2': {'date': '17/10/2567', 'sta': 'ขายได้'}, '3': {'date': '07/11/2567', 'sta': 'ขายได้'}, '4': {'date': '28/11/2567', 'sta': 'ขายได้'}, '5': {'date': '19/12/2567', 'sta': 'ขายได้'}, '6': {'date': '09/01/2568', 'sta': 'ขายได้'}}",ปลอดการจำนอง,628184,08-08-2567,"['https://asset.led.go.th/PPKPicture/2567/07-2567/31/40661p.jpg', 'https://asset.led.go.th/PPKPicture/2567/07-2567/31/40661j.jpg']",https://asset.led.go.th/newbid-old/asset_open.asp?law_suit_no=%BC%BA.580&law_suit_year=2565&deed_no=40661&addrno=77/12,41/1,14.03439471,100.49589853,20250109,ขายได้,"['20240926', '20241017', '20241107', '20241128', '20241219', '20250109']",6,0,628184,https://asset.led.go.th/PPKPicture/2567/07-2567/31/40661p.jpg,https://asset.led.go.th/PPKPicture/2567/07-2567/31/40661j.jpg,2025-01-23
8 - 1,ผบE.5451/2566,ที่ดินพร้อมสิ่งปลูกสร้าง,0,0,16.0,738375.0,ระแหง,ลาดหลุมแก้ว,ปทุมธานี,20581,50000,"{'1': {'date': '28/11/2567', 'sta': 'ขายได้'}, '2': {'date': '19/12/2567', 'sta': 'ขายได้'}, '3': {'date': '09/01/2568', 'sta': 'ขายได้'}, '4': {'date': '30/01/2568', 'sta': 'ขายได้'}, '5': {'date': '20/02/2568', 'sta': 'ขายได้'}, '6': {'date': '13/03/2568', 'sta': 'ขายได้'}}",ปลอดการจำนอง,738375,07-10-2567,"['https://asset.led.go.th/PPKPicture/2567/09-2567/30/20581p.jpg', 'https://asset.led.go.th/PPKPicture/2567/09-2567/30/20581j.jpg']",https://asset.led.go.th/newbid-old/asset_open.asp?law_suit_no=%BC%BAE.5451&law_suit_year=2566&deed_no=20581&addrno=199/84,42/1,,,20250130,ขายได้,"['20241128', '20241219', '20250109', '20250130', '20250220', '20250313']",4,0,738375,https://asset.led.go.th/PPKPicture/2567/09-2567/30/20581p.jpg,https://asset.led.go.th/PPKPicture/2567/09-2567/30/20581j.jpg,2025-01-23
8 - 1,ผบE.3339/2566,ที่ดินพร้อมสิ่งปลูกสร้าง,0,0,54.3,2791650.0,บางเดื่อ,เมืองปทุมธานี,ปทุมธานี,91244,150000,"{'1': {'date': '26/12/2567', 'sta': '-'}, '2': {'date': '16/01/2568', 'sta': '-'}, '3': {'date': '06/02/2568', 'sta': '-'}, '4': {'date': '27/02/2568', 'sta': '-'}, '5': {'date': '20/03/2568', 'sta': '-'}, '6': {'date': '10/04/2568', 'sta': '-'}}",ปลอดการจำนอง,2791650,11-11-2567,"['https://asset.led.go.th/PPKPicture/2567/10-2567/31/91244p.jpg', 'https://asset.led.go.th/PPKPicture/2567/10-2567/31/91244j.jpg']",https://asset.led.go.th/newbid-old/asset_open.asp?law_suit_no=%BC%BAE.3339&law_suit_year=2566&deed_no=91244&addrno=299/276,43/1,,,20250206,-,"['20241226', '20250116', '20250206', '20250227', '20250320', '20250410']",3,0,2791650,https://asset.led.go.th/PPKPicture/2567/10-2567/31/91244p.jpg,https://asset.led.go.th/PPKPicture/2567/10-2567/31/91244j.jpg,2025-01-23
8 - 1,ผบ.559/2564,ที่ดินพร้อมสิ่งปลูกสร้าง,0,0,37.0,1645862.5,บ้านกลาง,เมืองปทุมธานี,ปทุมธานี,45640,150000,"{'1': {'date': '30/01/2568', 'sta': '-'}, '2': {'date': '20/02/2568', 'sta': '-'}, '3': {'date': '13/03/2568', 'sta': '-'}, '4': {'date': '03/04/2568', 'sta': '-'}, '5': {'date': '24/04/2568', 'sta': '-'}, '6': {'date': '15/05/2568', 'sta': '-'}}",ปลอดการจำนอง,1645862,09-12-2567,"['https://asset.led.go.th/PPKPicture/2567/11-2567/28/45640p.jpg', 'https://asset.led.go.th/PPKPicture/2567/11-2567/28/45640j.jpg']",https://asset.led.go.th/newbid-old/asset_open.asp?law_suit_no=%BC%BA.559&law_suit_year=2564&deed_no=45640&addrno=143/6,44/1,,,20250130,-,"['20250130', '20250220', '20250313', '20250403', '20250424', '20250515']",1,0,1645862,https://asset.led.go.th/PPKPicture/2567/11-2567/28/45640p.jpg,https://asset.led.go.th/PPKPicture/2567/11-2567/28/45640j.jpg,2025-01-23
8 - 1,ผบE.1555/2566,ที่ดินพร้อมสิ่งปลูกสร้าง,0,0,20.0,561720.0,ระแหง,ลาดหลุมแก้ว,ปทุมธานี,17536,5000,"{'1': {'date': '31/10/2567', 'sta': '-'}, '2': {'date': '21/11/2567', 'sta': 'งดขายไม่มีผู้สู้ราคา'}, '3': {'date': '12/12/2567', 'sta': 'งดขายไม่มีผู้สู้ราคา'}, '4': {'date': '02/01/2568', 'sta': '-'}, '5': {'date': '23/01/2568', 'sta': '-'}, '6': {'date': '13/02/2568', 'sta': '-'}}",การจำนองติดไป,561720,14-09-2567,"['https://asset.led.go.th/PPKPicture/2567/09-2567/09/17536p.jpg', 'https://asset.led.go.th/PPKPicture/2567/09-2567/09/17536j.jpg']",https://asset.led.go.th/newbid-old/asset_open.asp?law_suit_no=%BC%BAE.1555&law_suit_year=2566&deed_no=17536&addrno=168/23,45/1,,,20250123,-,"['20241031', '20241121', '20241212', '20250102', '20250123', '20250213']",5,2,449376,https://asset.led.go.th/PPKPicture/2567/09-2567/09/17536p.jpg,https://asset.led.go.th/PPKPicture/2567/09-2567/09/17536j.jpg,2025-01-23
9 - 1,ผบE.2479/2566,ที่ดินพร้อมสิ่งปลูกสร้าง,0,1,23.0,3260088.0,ท้ายเกาะ,สามโคก,ปทุมธานี,22933,250000,"{'1': {'date': '26/09/2567', 'sta': 'ขายได้'}, '2': {'date': '17/10/2567', 'sta': 'ขายได้'}, '3': {'date': '07/11/2567', 'sta': 'ขายได้'}, '4': {'date': '28/11/2567', 'sta': 'ขายได้'}, '5': {'date': '19/12/2567', 'sta': 'ขายได้'}, '6': {'date': '09/01/2568', 'sta': 'ขายได้'}}",ปลอดการจำนอง,3260088,08-08-2567,"['https://asset.led.go.th/PPKPicture/2567/07-2567/31/22933p.jpg', 'https://asset.led.go.th/PPKPicture/2567/07-2567/31/22933j.jpg']",https://asset.led.go.th/newbid-old/asset_open.asp?law_suit_no=%BC%BAE.2479&law_suit_year=2566&deed_no=22933&addrno=132/7,46/1,14.11787608,100.52283017,20250109,ขายได้,"['20240926', '20241017', '20241107', '20241128', '20241219', '20250109']",6,0,3260088,https://asset.led.go.th/PPKPicture/2567/07-2567/31/22933p.jpg,https://asset.led.go.th/PPKPicture/2567/07-2567/31/22933j.jpg,2025-01-23
9 - 1,ผบE.572/2567,ที่ดินพร้อมสิ่งปลูกสร้าง,0,0,17.0,457972.0,บางเตย,สามโคก,ปทุมธานี,17123,25000,"{'1': {'date': '30/01/2568', 'sta': '-'}, '2': {'date': '20/02/2568', 'sta': '-'}, '3': {'date': '13/03/2568', 'sta': '-'}, '4': {'date': '03/04/2568', 'sta': '-'}, '5': {'date': '24/04/2568', 'sta': '-'}, '6': {'date': '15/05/2568', 'sta': '-'}}",ปลอดการจำนอง,457972,09-12-2567,"['https://asset.led.go.th/PPKPicture/2567/11-2567/28/17123p.jpg', 'https://asset.led.go.th/PPKPicture/2567/11-2567/28/17123j.jpg']",https://asset.led.go.th/newbid-old/asset_open.asp?law_suit_no=%BC%BAE.572&law_suit_year=2567&deed_no=17123&addrno=66/219,47/1,,,20250130,-,"['20250130', '20250220', '20250313', '20250403', '20250424', '20250515']",1,0,457972,https://asset.led.go.th/PPKPicture/2567/11-2567/28/17123p.jpg,https://asset.led.go.th/PPKPicture/2567/11-2567/28/17123j.jpg,2025-01-23
9 - 1,ผบE.5751/2566,ห้องชุด,0,0,31.81,419892.0,คูบางหลวง,ลาดหลุมแก้ว,ปทุมธานี,"42697,42704",25000,"{'1': {'date': '26/12/2567', 'sta': '-'}, '2': {'date': '16/01/2568', 'sta': '-'}, '3': {'date': '06/02/2568', 'sta': '-'}, '4': {'date': '27/02/2568', 'sta': '-'}, '5': {'date': '20/03/2568', 'sta': '-'}, '6': {'date': '10/04/2568', 'sta': '-'}}",ปลอดการจำนอง,419892,11-11-2567,"['https://asset.led.go.th/PPKPicture/2567/10-2567/31/c87-3p.jpg', 'https://asset.led.go.th/PPKPicture/2567/10-2567/31/c87-3j.jpg']","https://asset.led.go.th/newbid-old/asset_open.asp?law_suit_no=%BC%BAE.5751&law_suit_year=2566&deed_no=42697,42704&addrno=87/3",48/1,14.03750154,100.48872752,20250206,-,"['20241226', '20250116', '20250206', '20250227', '20250320', '20250410']",3,0,419892,https://asset.led.go.th/PPKPicture/2567/10-2567/31/c87-3p.jpg,https://asset.led.go.th/PPKPicture/2567/10-2567/31/c87-3j.jpg,2025-01-23
9 - 1,ผบ.3708/2563,ที่ดินพร้อมสิ่งปลูกสร้าง,0,0,17.0,803638.5,บางขะแยง,เมืองปทุมธานี,ปทุมธานี,63020,50000,"{'1': {'date': '28/11/2567', 'sta': '-'}, '2': {'date': '19/12/2567', 'sta': 'ขายได้'}, '3': {'date': '09/01/2568', 'sta': 'ขายได้'}, '4': {'date': '30/01/2568', 'sta': 'ขายได้'}, '5': {'date': '20/02/2568', 'sta': 'ขายได้'}, '6': {'date': '13/03/2568', 'sta': 'ขายได้'}}",ปลอดการจำนอง,803638,07-10-2567,"['https://asset.led.go.th/PPKPicture/2567/09-2567/30/63020p.jpg', 'https://asset.led.go.th/PPKPicture/2567/09-2567/30/63020j.jpg']",https://asset.led.go.th/newbid-old/asset_open.asp?law_suit_no=%BC%BA.3708&law_suit_year=2563&deed_no=63020&addrno=107/106,49/1,,,20250130,ขายได้,"['20241128', '20241219', '20250109', '20250130', '20250220', '20250313']",4,0,803638,https://asset.led.go.th/PPKPicture/2567/09-2567/30/63020p.jpg,https://asset.led.go.th/PPKPicture/2567/09-2567/30/63020j.jpg,2025-01-23
10 - 1,ผบ.5654/2557,ที่ดินพร้อมสิ่งปลูกสร้าง,0,0,17.4,1058057.75,บางพูน,เมืองปทุมธานี,ปทุมธานี,103212,5000,"{'1': {'date': '26/09/2567', 'sta': '-'}, '2': {'date': '17/10/2567', 'sta': 'ขายได้'}, '3': {'date': '07/11/2567', 'sta': 'ขายได้'}, '4': {'date': '28/11/2567', 'sta': 'ขายได้'}, '5': {'date': '19/12/2567', 'sta': 'ขายได้'}, '6': {'date': '09/01/2568', 'sta': 'ขายได้'}}",การจำนองติดไป,1058057,08-08-2567,"['https://asset.led.go.th/PPKPicture/2567/07-2567/31/103212p.jpg', 'https://asset.led.go.th/PPKPicture/2567/07-2567/31/103212j.jpg']",https://asset.led.go.th/newbid-old/asset_open.asp?law_suit_no=%BC%BA.5654&law_suit_year=2557&deed_no=103212&addrno=603/238,50/1,13.98352553,100.57434075,20250109,ขายได้,"['20240926', '20241017', '20241107', '20241128', '20241219', '20250109']",6,0,1058057,https://asset.led.go.th/PPKPicture/2567/07-2567/31/103212p.jpg,https://asset.led.go.th/PPKPicture/2567/07-2567/31/103212j.jpg,2025-01-23
10 - 1,ผบE.2071/2566,ที่ดินพร้อมสิ่งปลูกสร้าง,0,0,16.0,722932.0,ระแหง,ลาดหลุมแก้ว,ปทุมธานี,20550,50000,"{'1': {'date': '30/01/2568', 'sta': '-'}, '2': {'date': '20/02/2568', 'sta': '-'}, '3': {'date': '13/03/2568', 'sta': '-'}, '4': {'date': '03/04/2568', 'sta': '-'}, '5': {'date': '24/04/2568', 'sta': '-'}, '6': {'date': '15/05/2568', 'sta': '-'}}",ปลอดการจำนอง,722932,09-12-2567,"['https://asset.led.go.th/PPKPicture/2567/11-2567/28/20550p.jpg', 'https://asset.led.go.th/PPKPicture/2567/11-2567/28/20550j.jpg']",https://asset.led.go.th/newbid-old/asset_open.asp?law_suit_no=%BC%BAE.2071&law_suit_year=2566&deed_no=20550&addrno=199/55,1/2,,,20250130,-,"['20250130', '20250220', '20250313', '20250403', '20250424', '20250515']",1,0,722932,https://asset.led.go.th/PPKPicture/2567/11-2567/28/20550p.jpg,https://asset.led.go.th/PPKPicture/2567/11-2567/28/20550j.jpg,2025-01-23
10 - 1,ผบ.1069/2564,ที่ดินพร้อมสิ่งปลูกสร้าง,0,0,35.7,1792468.0,หลักหก,เมืองปทุมธานี,ปทุมธานี,65887,150000,"{'1': {'date': '26/12/2567', 'sta': '-'}, '2': {'date': '16/01/2568', 'sta': '-'}, '3': {'date': '06/02/2568', 'sta': '-'}, '4': {'date': '27/02/2568', 'sta': '-'}, '5': {'date': '20/03/2568', 'sta': '-'}, '6': {'date': '10/04/2568', 'sta': '-'}}",ปลอดการจำนอง,1792468,11-11-2567,"['https://asset.led.go.th/PPKPicture/2567/10-2567/31/65887p.jpg', 'https://asset.led.go.th/PPKPicture/2567/10-2567/31/65887j.jpg']",https://asset.led.go.th/newbid-old/asset_open.asp?law_suit_no=%BC%BA.1069&law_suit_year=2564&deed_no=65887&addrno=204/198,2/2,13.95495422,100.58106887,20250206,-,"['20241226', '20250116', '20250206', '20250227', '20250320', '20250410']",3,0,1792468,https://asset.led.go.th/PPKPicture/2567/10-2567/31/65887p.jpg,https://asset.led.go.th/PPKPicture/2567/10-2567/31/65887j.jpg,2025-01-23
10 - 1,พ.1036/2564,ที่ดินว่างเปล่า,0,2,15.0,3870000.0,ท้ายเกาะ,สามโคก,ปทุมธานี,16448,250000,"{'1': {'date': '28/11/2567', 'sta': '-'}, '2': {'date': '19/12/2567', 'sta': 'งดขาย'}, '3': {'date': '09/01/2568', 'sta': '-'}, '4': {'date': '30/01/2568', 'sta': '-'}, '5': {'date': '20/02/2568', 'sta': '-'}, '6': {'date': '13/03/2568', 'sta': '-'}}",ปลอดภาระผูกพัน,3870000,07-10-2567,"['https://asset.led.go.th/PPKPicture/2567/09-2567/30/16448p.jpg', 'https://asset.led.go.th/PPKPicture/2567/09-2567/30/16448j.jpg']",https://asset.led.go.th/newbid-old/asset_open.asp?law_suit_no=%BE.1036&law_suit_year=2564&deed_no=16448&addrno=-,3/2,,,20250130,-,"['20241128', '20241219', '20250109', '20250130', '20250220', '20250313']",4,0,3870000,https://asset.led.go.th/PPKPicture/2567/09-2567/30/16448p.jpg,https://asset.led.go.th/PPKPicture/2567/09-2567/30/16448j.jpg,2025-01-23
10 - 1,ผบE.3315/2566,ที่ดินพร้อมสิ่งปลูกสร้าง,0,0,18.0,523680.0,ระแหง,ลาดหลุมแก้ว,ปทุมธานี,34706,50000,"{'1': {'date': '31/10/2567', 'sta': '-'}, '2': {'date': '21/11/2567', 'sta': 'งดขาย'}, '3': {'date': '12/12/2567', 'sta': 'ขายได้'}, '4': {'date': '02/01/2568', 'sta': 'ขายได้'}, '5': {'date': '23/01/2568', 'sta': 'ขายได้'}, '6': {'date': '13/02/2568', 'sta': 'ขายได้'}}",ปลอดการจำนอง,523680,14-09-2567,"['https://asset.led.go.th/PPKPicture/2567/09-2567/09/34706p.jpg', 'https://asset.led.go.th/PPKPicture/2567/09-2567/09/34706j.jpg']",https://asset.led.go.th/newbid-old/asset_open.asp?law_suit_no=%BC%BAE.3315&law_suit_year=2566&deed_no=34706&addrno=111/564,4/2,,,20250123,ขายได้,"['20241031', '20241121', '20241212', '20250102', '20250123', '20250213']",5,0,523680,https://asset.led.go.th/PPKPicture/2567/09-2567/09/34706p.jpg,https://asset.led.go.th/PPKPicture/2567/09-2567/09/34706j.jpg,2025-01-23
11 - 1,ผบE.2075/2566,ที่ดินพร้อมสิ่งปลูกสร้าง,0,0,24.0,600888.0,ระแหง,ลาดหลุมแก้ว,ปทุมธานี,31798,50000,"{'1': {'date': '26/09/2567', 'sta': 'ขายได้'}, '2': {'date': '17/10/2567', 'sta': 'ขายได้'}, '3': {'date': '07/11/2567', 'sta': 'ขายได้'}, '4': {'date': '28/11/2567', 'sta': 'ขายได้'}, '5': {'date': '19/12/2567', 'sta': 'ขายได้'}, '6': {'date': '09/01/2568', 'sta': 'ขายได้'}}",ปลอดการจำนอง,600888,08-08-2567,"['https://asset.led.go.th/PPKPicture/2567/07-2567/31/31798p.jpg', 'https://asset.led.go.th/PPKPicture/2567/07-2567/31/31798j.jpg']",https://asset.led.go.th/newbid-old/asset_open.asp?law_suit_no=%BC%BAE.2075&law_suit_year=2566&deed_no=31798&addrno=36/66,5/2,14.03150211,100.39775335,20250109,ขายได้,"['20240926', '20241017', '20241107', '20241128', '20241219', '20250109']",6,0,600888,https://asset.led.go.th/PPKPicture/2567/07-2567/31/31798p.jpg,https://asset.led.go.th/PPKPicture/2567/07-2567/31/31798j.jpg,2025-01-23
11 - 1,ผบ.115/2566,ที่ดินพร้อมสิ่งปลูกสร้าง,0,0,20.7,1126410.0,บางพูน,เมืองปทุมธานี,ปทุมธานี,103005,150000,"{'1': {'date': '31/10/2567', 'sta': '-'}, '2': {'date': '21/11/2567', 'sta': 'งดขายไม่มีผู้สู้ราคา'}, '3': {'date': '12/12/2567', 'sta': 'งดขายไม่มีผู้สู้ราคา'}, '4': {'date': '02/01/2568', 'sta': '-'}, '5': {'date': '23/01/2568', 'sta': '-'}, '6': {'date': '13/02/2568', 'sta': '-'}}",ปลอดการจำนอง,1126410,14-09-2567,"['https://asset.led.go.th/PPKPicture/2567/09-2567/09/103005p.jpg', 'https://asset.led.go.th/PPKPicture/2567/09-2567/09/103005j.jpg']",https://asset.led.go.th/newbid-old/asset_open.asp?law_suit_no=%BC%BA.115&law_suit_year=2566&deed_no=103005&addrno=603/31,6/2,,,20250123,-,"['20241031', '20241121', '20241212', '20250102', '20250123', '20250213']",5,2,901128,https://asset.led.go.th/PPKPicture/2567/09-2567/09/103005p.jpg,https://asset.led.go.th/PPKPicture/2567/09-2567/09/103005j.jpg,2025-01-23
11 - 1,ผบE.1876/2564,ห้องชุด,0,0,26.25,120750.0,บางพูน,เมืองปทุมธานี,ปทุมธานี,28193,10000,"{'1': {'date': '26/12/2567', 'sta': '-'}, '2': {'date': '16/01/2568', 'sta': '-'}, '3': {'date': '06/02/2568', 'sta': '-'}, '4': {'date': '27/02/2568', 'sta': '-'}, '5': {'date': '20/03/2568', 'sta': '-'}, '6': {'date': '10/04/2568', 'sta': '-'}}",ปลอดภาระผูกพัน,120750,11-11-2567,"['https://asset.led.go.th/PPKPicture/2567/10-2567/31/c298-21p.jpg', 'https://asset.led.go.th/PPKPicture/2567/10-2567/31/c298-21j.jpg']",https://asset.led.go.th/newbid-old/asset_open.asp?law_suit_no=%BC%BAE.1876&law_suit_year=2564&deed_no=28193&addrno=298/21,7/2,13.98628229,100.57775736,20250206,-,"['20241226', '20250116', '20250206', '20250227', '20250320', '20250410']",3,0,120750,https://asset.led.go.th/PPKPicture/2567/10-2567/31/c298-21p.jpg,https://asset.led.go.th/PPKPicture/2567/10-2567/31/c298-21j.jpg,2025-01-23
11 - 1,ผบE.753/2565,ที่ดินว่างเปล่า,0,1,0.0,500000.0,บางพูน,เมืองปทุมธานี,ปทุมธานี,15776,25000,"{'1': {'date': '28/11/2567', 'sta': 'งดขายไม่มีผู้สู้ราคา'}, '2': {'date': '19/12/2567', 'sta': 'งดขายไม่มีผู้สู้ราคา'}, '3': {'date': '09/01/2568', 'sta': '-'}, '4': {'date': '30/01/2568', 'sta': '-'}, '5': {'date': '20/02/2568', 'sta': '-'}, '6': {'date': '13/03/2568', 'sta': '-'}}",ปลอดภาระผูกพัน,500000,07-10-2567,"['https://asset.led.go.th/PPKPicture/2567/09-2567/30/15776p.jpg', 'https://asset.led.go.th/PPKPicture/2567/09-2567/30/15776j.jpg']",https://asset.led.go.th/newbid-old/asset_open.asp?law_suit_no=%BC%BAE.753&law_suit_year=2565&deed_no=15776&addrno=-,8/2,,,20250130,-,"['20241128', '20241219', '20250109', '20250130', '20250220', '20250313']",4,2,400000,https://asset.led.go.th/PPKPicture/2567/09-2567/30/15776p.jpg,https://asset.led.go.th/PPKPicture/2567/09-2567/30/15776j.jpg,2025-01-23
11 - 1,ผบE.245/2567,ที่ดินพร้อมสิ่งปลูกสร้าง,0,0,16.0,507112.0,ระแหง,ลาดหลุมแก้ว,ปทุมธานี,26624,50000,"{'1': {'date': '30/01/2568', 'sta': '-'}, '2': {'date': '20/02/2568', 'sta': '-'}, '3': {'date': '13/03/2568', 'sta': '-'}, '4': {'date': '03/04/2568', 'sta': '-'}, '5': {'date': '24/04/2568', 'sta': '-'}, '6': {'date': '15/05/2568', 'sta': '-'}}",ปลอดการจำนอง,507112,09-12-2567,"['https://asset.led.go.th/PPKPicture/2567/11-2567/28/26624p.jpg', 'https://asset.led.go.th/PPKPicture/2567/11-2567/28/26624j.jpg']",https://asset.led.go.th/newbid-old/asset_open.asp?law_suit_no=%BC%BAE.245&law_suit_year=2567&deed_no=26624&addrno=10/47,9/2,,,20250130,-,"['20250130', '20250220', '20250313', '20250403', '20250424', '20250515']",1,0,507112,https://asset.led.go.th/PPKPicture/2567/11-2567/28/26624p.jpg,https://asset.led.go.th/PPKPicture/2567/11-2567/28/26624j.jpg,2025-01-23
12 - 1,ผบ.309/2557,ห้องชุด,0,0,26.25,120750.0,บางพูน,เมืองปทุมธานี,ปทุมธานี,28240,10000,"{'1': {'date': '26/09/2567', 'sta': 'งดขายไม่มีผู้สู้ราคา'}, '2': {'date': '17/10/2567', 'sta': 'งดขายไม่มีผู้สู้ราคา'}, '3': {'date': '07/11/2567', 'sta': 'ขายได้'}, '4': {'date': '28/11/2567', 'sta': 'ขายได้'}, '5': {'date': '19/12/2567', 'sta': 'ขายได้'}, '6': {'date': '09/01/2568', 'sta': 'ขายได้'}}",ปลอดการจำนอง,120750,08-08-2567,"['https://asset.led.go.th/PPKPicture/2567/07-2567/31/c389-17p.jpg', 'https://asset.led.go.th/PPKPicture/2567/07-2567/31/c389-17j.jpg']",https://asset.led.go.th/newbid-old/asset_open.asp?law_suit_no=%BC%BA.309&law_suit_year=2557&deed_no=28240&addrno=389/17,10/2,13.98436703,100.57883400,20250109,ขายได้,"['20240926', '20241017', '20241107', '20241128', '20241219', '20250109']",6,2,96600,https://asset.led.go.th/PPKPicture/2567/07-2567/31/c389-17p.jpg,https://asset.led.go.th/PPKPicture/2567/07-2567/31/c389-17j.jpg,2025-01-23
12 - 1,ผบ.5041/2562,ที่ดินพร้อมสิ่งปลูกสร้าง,0,0,24.7,1201520.0,บางคูวัด,เมืองปทุมธานี,ปทุมธานี,96399,5000,"{'1': {'date': '28/11/2567', 'sta': 'ถอนการยึด'}, '2': {'date': '19/12/2567', 'sta': 'ถอนการยึด'}, '3': {'date': '09/01/2568', 'sta': 'ถอนการยึด'}, '4': {'date': '30/01/2568', 'sta': 'ถอนการยึด'}, '5': {'date': '20/02/2568', 'sta': 'ถอนการยึด'}, '6': {'date': '13/03/2568', 'sta': 'ถอนการยึด'}}",การจำนองติดไป,1201520,07-10-2567,"['https://asset.led.go.th/PPKPicture/2567/09-2567/30/96399p.jpg', 'https://asset.led.go.th/PPKPicture/2567/09-2567/30/96399j.jpg']",https://asset.led.go.th/newbid-old/asset_open.asp?law_suit_no=%BC%BA.5041&law_suit_year=2562&deed_no=96399&addrno=111/116,11/2,,,20250130,ถอนการยึด,"['20241128', '20241219', '20250109', '20250130', '20250220', '20250313']",4,0,1201520,https://asset.led.go.th/PPKPicture/2567/09-2567/30/96399p.jpg,https://asset.led.go.th/PPKPicture/2567/09-2567/30/96399j.jpg,2025-01-23
12 - 1,ผบE.2070/2566,ที่ดินพร้อมสิ่งปลูกสร้าง,0,0,20.0,823640.0,บางเดื่อ,เมืองปทุมธานี,ปทุมธานี,30352,50000,"{'1': {'date': '26/12/2567', 'sta': '-'}, '2': {'date': '16/01/2568', 'sta': '-'}, '3': {'date': '06/02/2568', 'sta': '-'}, '4': {'date': '27/02/2568', 'sta': '-'}, '5': {'date': '20/03/2568', 'sta': '-'}, '6': {'date': '10/04/2568', 'sta': '-'}}",ปลอดการจำนอง,823640,11-11-2567,"['https://asset.led.go.th/PPKPicture/2567/10-2567/31/30352p.jpg', 'https://asset.led.go.th/PPKPicture/2567/10-2567/31/30352j.jpg']",https://asset.led.go.th/newbid-old/asset_open.asp?law_suit_no=%BC%BAE.2070&law_suit_year=2566&deed_no=30352&addrno=104/67,12/2,,,20250206,-,"['20241226', '20250116', '20250206', '20250227', '20250320', '20250410']",3,0,823640,https://asset.led.go.th/PPKPicture/2567/10-2567/31/30352p.jpg,https://asset.led.go.th/PPKPicture/2567/10-2567/31/30352j.jpg,2025-01-23
12 - 1,ผบE.2246/2566,ที่ดินพร้อมสิ่งปลูกสร้าง,0,0,16.0,697176.0,ระแหง,ลาดหลุมแก้ว,ปทุมธานี,17358,50000,"{'1': {'date': '31/10/2567', 'sta': 'งดขาย'}, '2': {'date': '21/11/2567', 'sta': 'งดขาย'}, '3': {'date': '12/12/2567', 'sta': 'งดขาย'}, '4': {'date': '02/01/2568', 'sta': 'งดขาย'}, '5': {'date': '23/01/2568', 'sta': 'งดขาย'}, '6': {'date': '13/02/2568', 'sta': 'งดขาย'}}",ปลอดการจำนอง,697176,11-09-2567,"['https://asset.led.go.th/PPKPicture/2567/09-2567/09/17358p.jpg', 'https://asset.led.go.th/PPKPicture/2567/09-2567/09/17358j.jpg']",https://asset.led.go.th/newbid-old/asset_open.asp?law_suit_no=%BC%BAE.2246&law_suit_year=2566&deed_no=17358&addrno=209/21,13/2,,,20250123,งดขาย,"['20241031', '20241121', '20241212', '20250102', '20250123', '20250213']",5,0,697176,https://asset.led.go.th/PPKPicture/2567/09-2567/09/17358p.jpg,https://asset.led.go.th/PPKPicture/2567/09-2567/09/17358j.jpg,2025-01-23
12 - 1,ม.298/2565,ที่ดินพร้อมสิ่งปลูกสร้าง,0,0,72.0,716040.0,คลองควาย,สามโคก,ปทุมธานี,18491,50000,"{'1': {'date': '30/01/2568', 'sta': '-'}, '2': {'date': '20/02/2568', 'sta': '-'}, '3': {'date': '13/03/2568', 'sta': '-'}, '4': {'date': '03/04/2568', 'sta': '-'}, '5': {'date': '24/04/2568', 'sta': '-'}, '6': {'date': '15/05/2568', 'sta': '-'}}",ปลอดภาระผูกพัน,716040,09-12-2567,"['https://asset.led.go.th/PPKPicture/2567/11-2567/28/18491p.jpg', 'https://asset.led.go.th/PPKPicture/2567/11-2567/28/18491j.jpg']",https://asset.led.go.th/newbid-old/asset_open.asp?law_suit_no=%C1.298&law_suit_year=2565&deed_no=18491&addrno=35,14/2,,,20250130,-,"['20250130', '20250220', '20250313', '20250403', '20250424', '20250515']",1,0,716040,https://asset.led.go.th/PPKPicture/2567/11-2567/28/18491p.jpg,https://asset.led.go.th/PPKPicture/2567/11-2567/28/18491j.jpg,2025-01-23
13 - 1,ผบE.1095/2567,ที่ดินพร้อมสิ่งปลูกสร้าง,0,0,32.4,1337328.0,บางพูน,เมืองปทุมธานี,ปทุมธานี,75304,150000,"{'1': {'date': '26/12/2567', 'sta': 'งดขาย'}, '2': {'date': '16/01/2568', 'sta': 'งดขาย'}, '3': {'date': '06/02/2568', 'sta': 'งดขาย'}, '4': {'date': '27/02/2568', 'sta': 'งดขาย'}, '5': {'date': '20/03/2568', 'sta': 'งดขาย'}, '6': {'date': '10/04/2568', 'sta': 'งดขาย'}}",ปลอดการจำนอง,1337328,13-11-2567,"['https://asset.led.go.th/PPKPicture/2567/10-2567/31/75304p.jpg', 'https://asset.led.go.th/PPKPicture/2567/10-2567/31/75304j.jpg']",https://asset.led.go.th/newbid-old/asset_open.asp?law_suit_no=%BC%BAE.1095&law_suit_year=2567&deed_no=75304&addrno=63/344,15/2,,,20250206,งดขาย,"['20241226', '20250116', '20250206', '20250227', '20250320', '20250410']",3,0,1337328,https://asset.led.go.th/PPKPicture/2567/10-2567/31/75304p.jpg,https://asset.led.go.th/PPKPicture/2567/10-2567/31/75304j.jpg,2025-01-23
13 - 1,ผบ.3517/2560,ที่ดินพร้อมสิ่งปลูกสร้าง,0,0,24.6,1133215.0,บ้านใหม่,เมืองปทุมธานี,ปทุมธานี,73483,150000,"{'1': {'date': '26/09/2567', 'sta': '-'}, '2': {'date': '17/10/2567', 'sta': 'งดขายไม่มีผู้สู้ราคา'}, '3': {'date': '07/11/2567', 'sta': 'งดขายไม่มีผู้สู้ราคา'}, '4': {'date': '28/11/2567', 'sta': 'ขายได้'}, '5': {'date': '19/12/2567', 'sta': 'ขายได้'}, '6': {'date': '09/01/2568', 'sta': 'ขายได้'}}",ปลอดการจำนอง,1133215,08-08-2567,"['https://asset.led.go.th/PPKPicture/2567/07-2567/31/73483p.jpg', 'https://asset.led.go.th/PPKPicture/2567/07-2567/31/73483j.jpg']",https://asset.led.go.th/newbid-old/asset_open.asp?law_suit_no=%BC%BA.3517&law_suit_year=2560&deed_no=73483&addrno=48/187,16/2,13.96802820,100.56310060,20250109,ขายได้,"['20240926', '20241017', '20241107', '20241128', '20241219', '20250109']",6,2,906572,https://asset.led.go.th/PPKPicture/2567/07-2567/31/73483p.jpg,https://asset.led.go.th/PPKPicture/2567/07-2567/31/73483j.jpg,2025-01-23
13 - 1,ผบ.905/2565,ที่ดินพร้อมสิ่งปลูกสร้าง,0,0,25.5,1424629.0,บางหลวง,เมืองปทุมธานี,ปทุมธานี,85645,150000,"{'1': {'date': '28/11/2567', 'sta': 'งดขาย'}, '2': {'date': '19/12/2567', 'sta': 'งดขาย'}, '3': {'date': '09/01/2568', 'sta': 'งดขาย'}, '4': {'date': '30/01/2568', 'sta': 'งดขาย'}, '5': {'date': '20/02/2568', 'sta': 'งดขาย'}, '6': {'date': '13/03/2568', 'sta': 'งดขาย'}}",ปลอดการจำนอง,1424629,07-10-2567,"['https://asset.led.go.th/PPKPicture/2567/09-2567/30/85645p.jpg', 'https://asset.led.go.th/PPKPicture/2567/09-2567/30/85645j.jpg']","https://asset.led.go.th/newbid-old/asset_open.asp?law_suit_no=%BC%BA.905&law_suit_year=2565&deed_no=85645&addrno=222/102,%E4%C1%E8%BB%C3%D2%A1%AF%E0%C5%A2%B7%D0%E0%BA%D5%C2%B9",17/2,,,20250130,งดขาย,"['20241128', '20241219', '20250109', '20250130', '20250220', '20250313']",4,0,1424629,https://asset.led.go.th/PPKPicture/2567/09-2567/30/85645p.jpg,https://asset.led.go.th/PPKPicture/2567/09-2567/30/85645j.jpg,2025-01-23
13 - 1,ผบE.3602/2565,ที่ดินพร้อมสิ่งปลูกสร้าง,0,0,16.0,522912.0,ระแหง,ลาดหลุมแก้ว,ปทุมธานี,20399,50000,"{'1': {'date': '31/10/2567', 'sta': 'ขายได้'}, '2': {'date': '21/11/2567', 'sta': 'ขายได้'}, '3': {'date': '12/12/2567', 'sta': 'ขายได้'}, '4': {'date': '02/01/2568', 'sta': 'ขายได้'}, '5': {'date': '23/01/2568', 'sta': 'ขายได้'}, '6': {'date': '13/02/2568', 'sta': 'ขายได้'}}",ปลอดการจำนอง,522912,11-09-2567,"['https://asset.led.go.th/PPKPicture/2567/09-2567/09/20399p.jpg', 'https://asset.led.go.th/PPKPicture/2567/09-2567/09/20399j.jpg']",https://asset.led.go.th/newbid-old/asset_open.asp?law_suit_no=%BC%BAE.3602&law_suit_year=2565&deed_no=20399&addrno=193/13,18/2,,,20250123,ขายได้,"['20241031', '20241121', '20241212', '20250102', '20250123', '20250213']",5,0,522912,https://asset.led.go.th/PPKPicture/2567/09-2567/09/20399p.jpg,https://asset.led.go.th/PPKPicture/2567/09-2567/09/20399j.jpg,2025-01-23
14 - 1,ผบ.3512/2562,ที่ดินพร้อมสิ่งปลูกสร้าง,0,0,18.0,953280.0,บางคูวัด ( บางคูวัดใต้ ),เมืองปทุมธานี,ปทุมธานี,36885,50000,"{'1': {'date': '26/09/2567', 'sta': '-'}, '2': {'date': '17/10/2567', 'sta': 'ขายได้'}, '3': {'date': '07/11/2567', 'sta': 'ขายได้'}, '4': {'date': '28/11/2567', 'sta': 'ขายได้'}, '5': {'date': '19/12/2567', 'sta': 'ขายได้'}, '6': {'date': '09/01/2568', 'sta': 'ขายได้'}}",ปลอดการจำนอง,953280,08-08-2567,"['https://asset.led.go.th/PPKPicture/2567/07-2567/31/36885p.jpg', 'https://asset.led.go.th/PPKPicture/2567/07-2567/31/36885j.jpg']",https://asset.led.go.th/newbid-old/asset_open.asp?law_suit_no=%BC%BA.3512&law_suit_year=2562&deed_no=36885&addrno=55/259,19/2,13.95090736,100.48950429,20250109,ขายได้,"['20240926', '20241017', '20241107', '20241128', '20241219', '20250109']",6,0,953280,https://asset.led.go.th/PPKPicture/2567/07-2567/31/36885p.jpg,https://asset.led.go.th/PPKPicture/2567/07-2567/31/36885j.jpg,2025-01-23
14 - 1,ผบE.783/2566,ห้องชุด,0,0,28.03,840900.0,บางกะดี,เมืองปทุมธานี,ปทุมธานี,87078,50000,"{'1': {'date': '26/12/2567', 'sta': '-'}, '2': {'date': '16/01/2568', 'sta': '-'}, '3': {'date': '06/02/2568', 'sta': '-'}, '4': {'date': '27/02/2568', 'sta': '-'}, '5': {'date': '20/03/2568', 'sta': '-'}, '6': {'date': '10/04/2568', 'sta': '-'}}",ปลอดการจำนอง,840900,11-11-2567,"['https://asset.led.go.th/PPKPicture/2567/10-2567/31/c169-85p.jpg', 'https://asset.led.go.th/PPKPicture/2567/10-2567/31/c169-85j.jpg']",https://asset.led.go.th/newbid-old/asset_open.asp?law_suit_no=%BC%BAE.783&law_suit_year=2566&deed_no=87078&addrno=169/85,20/2,13.98733666,100.55187506,20250206,-,"['20241226', '20250116', '20250206', '20250227', '20250320', '20250410']",3,0,840900,https://asset.led.go.th/PPKPicture/2567/10-2567/31/c169-85p.jpg,https://asset.led.go.th/PPKPicture/2567/10-2567/31/c169-85j.jpg,2025-01-23
14 - 1,ผบ.3061/2562,ที่ดินพร้อมสิ่งปลูกสร้าง,0,0,16.0,665472.0,บางคูวัด,เมืองปทุมธานี,ปทุมธานี,43990,50000,"{'1': {'date': '31/10/2567', 'sta': '-'}, '2': {'date': '21/11/2567', 'sta': '-'}, '3': {'date': '12/12/2567', 'sta': '-'}, '4': {'date': '02/01/2568', 'sta': '-'}, '5': {'date': '23/01/2568', 'sta': '-'}, '6': {'date': '13/02/2568', 'sta': '-'}}",ปลอดภาระผูกพัน,665472,11-09-2567,"['https://asset.led.go.th/PPKPicture/2567/09-2567/09/43990p.jpg', 'https://asset.led.go.th/PPKPicture/2567/09-2567/09/43990j.jpg']",https://asset.led.go.th/newbid-old/asset_open.asp?law_suit_no=%BC%BA.3061&law_suit_year=2562&deed_no=43990&addrno=148/51,21/2,,,20250123,-,"['20241031', '20241121', '20241212', '20250102', '20250123', '20250213']",5,0,665472,https://asset.led.go.th/PPKPicture/2567/09-2567/09/43990p.jpg,https://asset.led.go.th/PPKPicture/2567/09-2567/09/43990j.jpg,2025-01-23
14 - 1,ผบE.3190/2566,ที่ดินพร้อมสิ่งปลูกสร้าง,0,0,17.4,1192035.0,บางกะดี,เมืองปทุมธานี,ปทุมธานี,81282,150000,"{'1': {'date': '30/01/2568', 'sta': '-'}, '2': {'date': '20/02/2568', 'sta': '-'}, '3': {'date': '13/03/2568', 'sta': '-'}, '4': {'date': '03/04/2568', 'sta': '-'}, '5': {'date': '24/04/2568', 'sta': '-'}, '6': {'date': '15/05/2568', 'sta': '-'}}",ปลอดการจำนอง,1192035,09-12-2567,"['https://asset.led.go.th/PPKPicture/2567/11-2567/28/81282p.jpg', 'https://asset.led.go.th/PPKPicture/2567/11-2567/28/81282j.jpg']",https://asset.led.go.th/newbid-old/asset_open.asp?law_suit_no=%BC%BAE.3190&law_suit_year=2566&deed_no=81282&addrno=88/421,22/2,,,20250130,-,"['20250130', '20250220', '20250313', '20250403', '20250424', '20250515']",1,0,1192035,https://asset.led.go.th/PPKPicture/2567/11-2567/28/81282p.jpg,https://asset.led.go.th/PPKPicture/2567/11-2567/28/81282j.jpg,2025-01-23
14 - 1,ผบ.82/2565,ที่ดินพร้อมสิ่งปลูกสร้าง,0,0,23.0,540988.0,ระแหง,ลาดหลุมแก้ว,ปทุมธานี,31876,5000,"{'1': {'date': '28/11/2567', 'sta': '-'}, '2': {'date': '19/12/2567', 'sta': '-'}, '3': {'date': '09/01/2568', 'sta': '-'}, '4': {'date': '30/01/2568', 'sta': '-'}, '5': {'date': '20/02/2568', 'sta': '-'}, '6': {'date': '13/03/2568', 'sta': '-'}}",การจำนองติดไป,540988,07-10-2567,"['https://asset.led.go.th/PPKPicture/2567/09-2567/30/31876p.jpg', 'https://asset.led.go.th/PPKPicture/2567/09-2567/30/31876j.jpg']",https://asset.led.go.th/newbid-old/asset_open.asp?law_suit_no=%BC%BA.82&law_suit_year=2565&deed_no=31876&addrno=36/151,23/2,14.03160389,100.39720654,20250130,-,"['20241128', '20241219', '20250109', '20250130', '20250220', '20250313']",4,0,540988,https://asset.led.go.th/PPKPicture/2567/09-2567/30/31876p.jpg,https://asset.led.go.th/PPKPicture/2567/09-2567/30/31876j.jpg,2025-01-23
15 - 1,ผบE.1868/2566,ที่ดินพร้อมสิ่งปลูกสร้าง,0,0,42.0,1594170.0,บางพูน,เมืองปทุมธานี,ปทุมธานี,29601,150000,"{'1': {'date': '26/09/2567', 'sta': 'ถอนการยึด'}, '2': {'date': '17/10/2567', 'sta': 'ถอนการยึด'}, '3': {'date': '07/11/2567', 'sta': 'ถอนการยึด'}, '4': {'date': '28/11/2567', 'sta': 'ถอนการยึด'}, '5': {'date': '19/12/2567', 'sta': 'ถอนการยึด'}, '6': {'date': '09/01/2568', 'sta': 'ถอนการยึด'}}",ปลอดภาระผูกพัน,1594170,08-08-2567,"['https://asset.led.go.th/PPKPicture/2567/07-2567/31/29601p.jpg', 'https://asset.led.go.th/PPKPicture/2567/07-2567/31/29601j.jpg']",https://asset.led.go.th/newbid-old/asset_open.asp?law_suit_no=%BC%BAE.1868&law_suit_year=2566&deed_no=29601&addrno=1728,24/2,14.00030665,100.58805527,20250109,ถอนการยึด,"['20240926', '20241017', '20241107', '20241128', '20241219', '20250109']",6,0,1594170,https://asset.led.go.th/PPKPicture/2567/07-2567/31/29601p.jpg,https://asset.led.go.th/PPKPicture/2567/07-2567/31/29601j.jpg,2025-01-23
15 - 1,ผบE.108/2566,ที่ดินพร้อมสิ่งปลูกสร้าง,0,0,16.0,531648.0,ระแหง,ลาดหลุมแก้ว,ปทุมธานี,20479,50000,"{'1': {'date': '26/12/2567', 'sta': '-'}, '2': {'date': '16/01/2568', 'sta': '-'}, '3': {'date': '06/02/2568', 'sta': '-'}, '4': {'date': '27/02/2568', 'sta': '-'}, '5': {'date': '20/03/2568', 'sta': '-'}, '6': {'date': '10/04/2568', 'sta': '-'}}",ปลอดการจำนอง,531648,11-11-2567,"['https://asset.led.go.th/PPKPicture/2567/10-2567/31/20479p.jpg', 'https://asset.led.go.th/PPKPicture/2567/10-2567/31/20479j.jpg']",https://asset.led.go.th/newbid-old/asset_open.asp?law_suit_no=%BC%BAE.108&law_suit_year=2566&deed_no=20479&addrno=197/15,25/2,,,20250206,-,"['20241226', '20250116', '20250206', '20250227', '20250320', '20250410']",3,0,531648,https://asset.led.go.th/PPKPicture/2567/10-2567/31/20479p.jpg,https://asset.led.go.th/PPKPicture/2567/10-2567/31/20479j.jpg,2025-01-23
15 - 1,พE.96/2567,ที่ดินว่างเปล่า,0,1,65.0,297000.0,คูบางหลวง,ลาดหลุมแก้ว,ปทุมธานี,49353,25000,"{'1': {'date': '30/01/2568', 'sta': '-'}, '2': {'date': '20/02/2568', 'sta': '-'}, '3': {'date': '13/03/2568', 'sta': '-'}, '4': {'date': '03/04/2568', 'sta': '-'}, '5': {'date': '24/04/2568', 'sta': '-'}, '6': {'date': '15/05/2568', 'sta': '-'}}",ปลอดภาระผูกพัน,297000,09-12-2567,"['https://asset.led.go.th/PPKPicture/2567/11-2567/28/49353p.jpg', 'https://asset.led.go.th/PPKPicture/2567/11-2567/28/49353j.jpg']",https://asset.led.go.th/newbid-old/asset_open.asp?law_suit_no=%BEE.96&law_suit_year=2567&deed_no=49353&addrno=-,26/2,,,20250130,-,"['20250130', '20250220', '20250313', '20250403', '20250424', '20250515']",1,0,297000,https://asset.led.go.th/PPKPicture/2567/11-2567/28/49353p.jpg,https://asset.led.go.th/PPKPicture/2567/11-2567/28/49353j.jpg,2025-01-23
15 - 1,ผบ.1267/2565,ที่ดินพร้อมสิ่งปลูกสร้าง,0,0,21.9,562560.0,ระแหง,ลาดหลุมแก้ว,ปทุมธานี,31726,50000,"{'1': {'date': '28/11/2567', 'sta': '-'}, '2': {'date': '19/12/2567', 'sta': 'ขายได้'}, '3': {'date': '09/01/2568', 'sta': 'ขายได้'}, '4': {'date': '30/01/2568', 'sta': 'ขายได้'}, '5': {'date': '20/02/2568', 'sta': 'ขายได้'}, '6': {'date': '13/03/2568', 'sta': 'ขายได้'}}",ปลอดการจำนอง,562560,14-10-2567,"['https://asset.led.go.th/PPKPicture/2567/09-2567/30/31726p.jpg', 'https://asset.led.go.th/PPKPicture/2567/09-2567/30/31726j.jpg']",https://asset.led.go.th/newbid-old/asset_open.asp?law_suit_no=%BC%BA.1267&law_suit_year=2565&deed_no=31726&addrno=36/36,27/2,,,20250130,ขายได้,"['20241128', '20241219', '20250109', '20250130', '20250220', '20250313']",4,0,562560,https://asset.led.go.th/PPKPicture/2567/09-2567/30/31726p.jpg,https://asset.led.go.th/PPKPicture/2567/09-2567/30/31726j.jpg,2025-01-23
15 - 1,ผบ.449/2562,ที่ดินพร้อมสิ่งปลูกสร้าง,0,1,0.0,3993600.0,บางคูวัด(บางคูวัดใต้),เมืองปทุมธานี,ปทุมธานี,35857,250000,"{'1': {'date': '31/10/2567', 'sta': '-'}, '2': {'date': '21/11/2567', 'sta': 'งดขาย'}, '3': {'date': '12/12/2567', 'sta': 'งดขายไม่มีผู้สู้ราคา'}, '4': {'date': '02/01/2568', 'sta': '-'}, '5': {'date': '23/01/2568', 'sta': '-'}, '6': {'date': '13/02/2568', 'sta': '-'}}",ปลอดการจำนอง,3993600,11-09-2567,"['https://asset.led.go.th/PPKPicture/2567/09-2567/09/35857p.jpg', 'https://asset.led.go.th/PPKPicture/2567/09-2567/09/35857j.jpg']",https://asset.led.go.th/newbid-old/asset_open.asp?law_suit_no=%BC%BA.449&law_suit_year=2562&deed_no=35857&addrno=112/76,28/2,,,20250123,-,"['20241031', '20241121', '20241212', '20250102', '20250123', '20250213']",5,1,3594240,https://asset.led.go.th/PPKPicture/2567/09-2567/09/35857p.jpg,https://asset.led.go.th/PPKPicture/2567/09-2567/09/35857j.jpg,2025-01-23
16 - 1,ผบE.3387/2566,ที่ดินพร้อมสิ่งปลูกสร้าง,0,0,17.0,762125.0,ระแหง,ลาดหลุมแก้ว,ปทุมธานี,18292,50000,"{'1': {'date': '26/12/2567', 'sta': '-'}, '2': {'date': '16/01/2568', 'sta': '-'}, '3': {'date': '06/02/2568', 'sta': '-'}, '4': {'date': '27/02/2568', 'sta': '-'}, '5': {'date': '20/03/2568', 'sta': '-'}, '6': {'date': '10/04/2568', 'sta': '-'}}",ปลอดการจำนอง,762125,11-11-2567,"['https://asset.led.go.th/PPKPicture/2567/10-2567/31/18292p.jpg', 'https://asset.led.go.th/PPKPicture/2567/10-2567/31/18292j.jpg']",https://asset.led.go.th/newbid-old/asset_open.asp?law_suit_no=%BC%BAE.3387&law_suit_year=2566&deed_no=18292&addrno=212/3,29/2,,,20250206,-,"['20241226', '20250116', '20250206', '20250227', '20250320', '20250410']",3,0,762125,https://asset.led.go.th/PPKPicture/2567/10-2567/31/18292p.jpg,https://asset.led.go.th/PPKPicture/2567/10-2567/31/18292j.jpg,2025-01-23
